time,temperature_2m_mean,temperature_2m_min,temperature_2m_max,apparent_temperature_mean,apparent_temperature_min,apparent_temperature_max,relative_humidity_2m_mean,relative_humidity_2m_min,relative_humidity_2m_max,dewpoint_2m_mean,dewpoint_2m_min,dewpoint_2m_max,precipitation_mean,precipitation_min,precipitation_max,rain_mean,rain_min,rain_max,snowfall_mean,snowfall_min,snowfall_max,wind_speed_10m_mean,wind_speed_10m_min,wind_speed_10m_max,wind_direction_10m_mean,wind_direction_10m_min,wind_direction_10m_max,pressure_msl_mean,pressure_msl_min,pressure_msl_max,surface_pressure_mean,surface_pressure_min,surface_pressure_max,cloud_cover_mean,cloud_cover_min,cloud_cover_max,cloud_cover_low_mean,cloud_cover_low_min,cloud_cover_low_max,cloud_cover_mid_mean,cloud_cover_mid_min,cloud_cover_mid_max,cloud_cover_high_mean,cloud_cover_high_min,cloud_cover_high_max
2023-10-03,17.55,11.8,25.8,15.48,10.1,23.1,70.25,44,90,11.57,8.3,14.9,0.06,0.0,0.7,0.06,0.0,0.7,0.0,0.0,0.0,17.4,11.1,29.6,238.75,187,293,1019.05,1015.5,1028.2,966.46,964.1,974.1,51.54,0,100,11.83,0,65,16.5,0,100,46.29,0,100
2023-10-04,12.19,8.8,16.3,10.25,7.0,13.8,76.75,53,97,7.89,6.3,9.8,0.0,0.0,0.0,0.0,0.0,0.0,0.0,0.0,0.0,9.46,4.7,13.8,265.42,227,298,1028.73,1027.5,1030.0,974.68,972.9,975.9,33.21,0,100,4.46,0,18,0.54,0,13,30.0,0,100
2023-10-05,10.64,6.9,15.4,8.58,4.4,12.8,80.08,60,92,7.17,5.5,8.2,0.0,0.0,0.0,0.0,0.0,0.0,0.0,0.0,0.0,8.99,4.7,14.1,260.38,223,290,1027.27,1026.7,1028.1,973.02,971.8,973.7,79.17,3,100,3.79,0,29,47.83,0,100,76.96,3,100
2023-10-06,11.21,5.2,18.1,9.44,2.8,16.7,79.42,54,100,7.35,5.2,9.4,0.0,0.0,0.0,0.0,0.0,0.0,0.0,0.0,0.0,7.33,4.9,11.7,228.08,189,275,1026.95,1024.5,1028.8,972.8,971.2,974.8,58.58,0,100,25.71,0,100,11.38,0,96,43.12,0,100
2023-10-07,13.58,9.6,17.3,10.47,6.4,14.8,66.17,58,77,7.29,5.1,10.4,0.0,0.0,0.0,0.0,0.0,0.0,0.0,0.0,0.0,16.5,12.6,21.1,258.71,252,266,1025.09,1024.3,1025.6,971.5,970.7,972.1,49.83,1,100,0.0,0,0,37.88,0,100,20.5,0,83
2023-10-08,15.45,11.8,19.2,13.56,10.2,18.6,71.42,58,95,10.1,6.7,13.2,0.0,0.0,0.0,0.0,0.0,0.0,0.0,0.0,0.0,13.34,4.4,22.9,243.58,8,311,1025.07,1023.8,1025.9,971.81,970.5,973.2,66.96,14,100,0.67,0,14,34.46,3,100,54.71,5,97
2023-10-09,15.64,11.7,19.1,13.36,10.5,16.8,66.83,53,94,9.32,7.8,12.3,0.0,0.0,0.0,0.0,0.0,0.0,0.0,0.0,0.0,14.32,9.2,20.0,255.46,201,277,1021.71,1020.4,1024.0,968.65,967.8,970.1,81.5,4,100,0.0,0,0,55.29,0,100,73.75,0,100
2023-10-10,15.78,12.3,21.9,14.23,10.5,20.1,66.0,42,80,9.11,7.8,10.6,0.0,0.0,0.0,0.0,0.0,0.0,0.0,0.0,0.0,8.88,5.4,10.8,253.46,226,274,1021.75,1020.8,1022.9,968.71,967.8,970.1,90.42,65,100,0.0,0,0,0.25,0,3,90.42,65,100
2023-10-11,16.68,11.7,23.7,14.87,9.2,22.1,62.5,42,74,9.18,7.0,11.6,0.0,0.0,0.0,0.0,0.0,0.0,0.0,0.0,0.0,10.76,6.5,14.0,228.83,202,270,1018.85,1017.3,1020.7,966.12,964.4,967.4,38.71,0,100,0.0,0,0,9.0,0,71,38.08,0,100
2023-10-12,16.55,14.4,20.8,15.11,12.3,19.8,70.04,53,89,10.92,8.2,13.3,0.06,0.0,0.5,0.06,0.0,0.5,0.0,0.0,0.0,11.8,7.1,17.1,241.29,217,263,1017.3,1016.2,1018.3,964.64,963.4,965.6,98.5,90,100,2.71,0,32,57.83,0,100,97.58,86,100
2023-10-13,18.08,13.0,25.0,16.2,10.9,22.6,60.75,35,92,9.67,5.3,13.1,0.0,0.0,0.0,0.0,0.0,0.0,0.0,0.0,0.0,12.35,8.7,16.8,207.5,186,260,1014.48,1010.3,1018.2,962.21,958.1,965.2,53.62,0,99,0.79,0,9,9.46,0,57,53.62,0,99
2023-10-14,14.72,8.8,19.8,12.03,5.6,15.6,71.71,40,91,9.28,3.7,13.5,0.16,0.0,1.1,0.16,0.0,1.1,0.0,0.0,0.0,17.65,8.1,27.3,266.33,222,303,1012.59,1008.6,1019.4,959.84,956.7,965.2,89.12,1,100,48.5,0,100,67.58,1,100,48.67,0,100
2023-10-15,6.72,3.4,10.0,3.22,0.3,5.7,77.83,60,91,3.04,1.7,4.3,0.03,0.0,0.2,0.03,0.0,0.2,0.0,0.0,0.0,12.85,8.2,22.1,275.96,240,298,1021.35,1019.5,1025.5,966.68,964.8,970.0,29.38,0,100,18.21,0,100,22.0,0,87,0.0,0,0
2023-10-16,4.45,-1.1,9.3,1.59,-3.7,6.2,79.33,55,100,0.83,-1.3,2.5,0.0,0.0,0.0,0.0,0.0,0.0,0.0,0.0,0.0,5.87,0.4,9.7,125.42,27,342,1023.2,1021.2,1025.3,968.0,966.4,969.6,59.88,0,100,17.08,0,100,0.0,0,0,44.29,0,100
2023-10-17,4.9,1.4,9.2,1.58,-2.1,6.0,78.71,62,92,1.4,-0.3,3.0,0.0,0.0,0.0,0.0,0.0,0.0,0.0,0.0,0.0,9.57,7.7,11.3,89.42,77,103,1019.38,1017.5,1021.4,964.46,962.4,965.9,67.71,0,100,0.0,0,0,36.92,0,100,66.38,0,100
2023-10-18,7.18,2.2,12.5,4.0,-1.2,9.2,76.79,57,94,3.09,1.2,6.1,0.03,0.0,0.7,0.03,0.0,0.7,0.0,0.0,0.0,10.73,8.2,13.3,112.38,94,150,1010.75,1003.9,1017.0,956.73,950.5,961.9,97.17,43,100,1.0,0,12,30.42,0,100,98.29,78,100
2023-10-19,11.49,7.7,15.2,10.01,5.0,14.4,92.33,80,96,10.28,6.0,12.8,0.5,0.0,3.8,0.5,0.0,3.8,0.0,0.0,0.0,10.92,5.8,16.9,168.5,138,192,997.74,992.2,1003.2,945.19,940.1,949.7,92.33,7,100,9.08,0,86,78.92,2,100,84.38,5,100
2023-10-20,12.51,10.3,16.2,10.86,8.2,15.3,88.92,77,94,10.71,9.3,12.6,0.27,0.0,1.3,0.27,0.0,1.3,0.0,0.0,0.0,12.61,6.6,18.7,157.71,86,240,986.42,981.4,991.5,934.66,930.1,939.4,95.21,31,100,0.12,0,3,89.54,5,100,91.58,27,100
2023-10-21,12.64,10.6,16.8,10.48,7.3,14.8,80.29,58,94,9.16,7.4,11.1,0.32,0.0,2.4,0.32,0.0,2.4,0.0,0.0,0.0,13.2,8.3,19.5,203.92,158,242,999.68,991.0,1006.6,947.25,938.7,953.5,55.33,2,100,3.58,0,12,45.38,0,100,27.0,0,93
2023-10-22,10.68,7.3,14.7,8.23,5.3,11.4,77.46,54,91,6.65,5.4,9.3,0.0,0.0,0.0,0.0,0.0,0.0,0.0,0.0,0.0,10.78,2.9,18.9,229.0,187,263,1011.23,1006.7,1015.3,957.83,953.6,961.1,46.5,0,100,11.58,0,89,17.08,0,91,29.25,0,100
2023-10-23,10.03,4.7,15.3,7.91,2.4,12.8,80.29,60,93,6.67,3.6,8.4,0.0,0.0,0.0,0.0,0.0,0.0,0.0,0.0,0.0,8.78,5.1,14.6,141.0,94,198,1012.98,1008.3,1015.8,959.36,954.9,961.8,70.62,0,100,0.42,0,5,35.12,0,100,67.38,0,100
2023-10-24,10.88,9.2,13.4,9.7,7.1,13.4,93.0,89,96,9.8,8.2,12.3,0.32,0.0,2.1,0.32,0.0,2.1,0.0,0.0,0.0,7.7,1.1,12.6,219.08,18,323,1006.33,1004.5,1008.9,953.24,951.9,955.4,98.42,62,100,27.08,0,100,82.38,0,100,87.79,0,100
2023-10-25,10.95,8.1,14.9,8.52,6.3,12.3,86.83,64,100,8.7,7.9,9.4,0.1,0.0,0.8,0.1,0.0,0.8,0.0,0.0,0.0,14.24,5.0,25.8,206.88,164,273,1002.0,996.9,1006.8,949.13,944.4,953.4,86.71,36,100,61.75,0,100,42.83,0,100,51.54,0,100
2023-10-26,10.98,9.8,12.5,8.51,6.4,10.6,85.67,77,96,8.66,7.5,10.4,0.11,0.0,0.5,0.11,0.0,0.5,0.0,0.0,0.0,14.51,6.1,24.5,236.0,204,261,997.97,996.2,999.2,945.32,943.5,946.5,97.5,63,100,56.62,2,100,59.42,0,100,80.88,0,100
2023-10-27,9.48,7.3,11.4,6.9,4.4,9.1,89.58,75,98,7.8,5.9,9.4,0.35,0.0,1.7,0.35,0.0,1.7,0.0,0.0,0.0,13.65,4.0,28.5,239.67,213,265,997.02,994.5,1001.3,944.16,941.7,947.8,77.88,16,100,38.75,0,100,56.62,0,100,62.58,0,100
2023-10-28,10.19,7.9,13.3,6.86,3.9,9.8,76.58,58,88,6.11,5.2,6.9,0.06,0.0,0.5,0.06,0.0,0.5,0.0,0.0,0.0,15.94,5.8,25.0,219.83,178,242,1003.72,1001.4,1005.2,950.63,948.2,952.0,87.46,4,100,34.04,0,100,59.88,0,100,71.83,0,100
2023-10-29,12.34,8.9,16.1,9.38,5.0,13.9,67.12,53,77,6.31,3.4,9.5,0.0,0.0,0.0,0.0,0.0,0.0,0.0,0.0,0.0,13.78,9.1,18.0,189.12,155,257,1003.59,1001.7,1006.0,950.89,949.5,953.4,99.0,93,100,0.88,0,10,58.75,6,100,98.33,93,100
2023-10-30,12.26,8.5,17.0,10.87,7.1,15.4,85.33,66,96,9.77,7.8,11.2,0.15,0.0,1.4,0.15,0.0,1.4,0.0,0.0,0.0,9.1,3.7,15.6,168.38,95,251,1003.5,997.6,1007.6,950.8,945.2,954.3,90.0,38,100,19.33,0,100,65.17,0,100,73.92,8,100
2023-10-31,9.62,8.5,11.5,6.04,4.3,8.5,85.0,63,92,7.14,4.7,9.6,0.12,0.0,1.2,0.12,0.0,1.2,0.0,0.0,0.0,19.29,13.0,23.7,253.08,238,270,1005.85,999.4,1012.3,952.55,946.7,958.5,94.38,36,100,56.21,6,100,44.38,1,100,86.5,1,100
2023-11-01,10.55,7.4,14.5,7.9,4.8,12.0,77.83,59,93,6.67,5.2,8.3,0.02,0.0,0.4,0.02,0.0,0.4,0.0,0.0,0.0,12.34,9.7,16.1,195.71,176,230,1008.37,1004.5,1012.5,955.09,951.4,958.7,84.12,6,100,12.46,0,100,53.25,3,100,59.12,0,100
2023-11-02,7.83,5.8,10.1,4.56,2.5,7.4,84.12,66,94,5.24,3.2,7.1,0.18,0.0,1.7,0.18,0.0,1.7,0.0,0.0,0.0,14.35,10.9,21.5,170.54,140,191,994.03,989.2,1003.9,941.02,936.3,950.6,87.54,0,100,1.5,0,17,78.92,0,100,87.5,0,100
2023-11-03,5.58,3.8,7.6,2.19,0.5,3.9,87.58,73,95,3.63,2.7,5.8,0.03,0.0,0.3,0.03,0.0,0.3,0.0,0.0,0.0,12.78,6.8,19.5,246.58,182,280,991.3,988.3,995.9,938.03,935.0,942.1,97.83,71,100,20.67,0,100,75.5,0,100,96.08,42,100
2023-11-04,6.0,3.0,9.7,1.94,-0.9,5.7,80.96,58,94,2.8,1.1,4.4,0.09,0.0,0.7,0.09,0.0,0.7,0.0,0.0,0.0,16.45,10.0,23.5,184.04,149,206,991.12,985.3,996.5,937.94,932.6,942.5,75.67,2,100,22.58,0,100,51.08,0,100,64.12,0,100
2023-11-05,8.41,6.6,11.1,3.65,2.4,5.9,78.75,60,87,4.85,2.1,6.8,0.21,0.0,1.4,0.21,0.0,1.4,0.0,0.0,0.0,23.99,16.6,31.1,221.08,182,252,987.47,981.4,1000.8,934.92,929.0,947.4,84.46,5,100,56.0,0,100,51.92,1,98,35.62,0,100
2023-11-06,8.6,6.6,11.4,4.52,2.6,7.9,76.67,60,86,4.67,4.0,5.1,0.0,0.0,0.0,0.0,0.0,0.0,0.0,0.0,0.0,19.03,12.7,24.9,236.33,196,251,1007.43,1001.6,1013.1,953.86,948.2,958.9,57.38,0,100,35.96,0,100,19.0,0,75,20.38,0,100
2023-11-07,6.4,4.0,9.9,2.69,0.4,5.0,82.46,63,91,3.53,1.8,5.1,0.03,0.0,0.5,0.03,0.0,0.5,0.0,0.0,0.0,14.98,11.8,23.5,229.21,203,248,1015.55,1013.6,1018.4,961.14,959.3,963.5,31.38,0,100,16.79,0,76,18.08,0,100,12.0,0,100
2023-11-08,6.11,4.1,9.8,2.05,0.2,5.4,78.54,56,90,2.54,1.4,3.1,0.0,0.0,0.0,0.0,0.0,0.0,0.0,0.0,0.0,16.03,9.5,21.8,228.38,190,254,1018.35,1015.6,1020.1,963.73,960.7,965.6,67.83,0,100,47.88,0,100,11.96,0,82,22.12,0,100
2023-11-09,6.28,3.4,8.9,2.41,-0.5,5.6,80.12,64,87,3.03,-0.1,6.1,0.13,0.0,0.8,0.13,0.0,0.8,0.0,0.0,0.0,15.5,13.0,19.3,199.75,182,226,1010.15,1006.9,1015.0,956.0,952.9,960.1,85.29,4,100,15.42,0,100,51.67,0,100,82.25,0,100
2023-11-10,6.14,3.1,8.8,2.24,-1.1,4.4,81.88,65,92,3.19,1.0,5.0,0.09,0.0,0.5,0.09,0.0,0.5,0.0,0.0,0.0,15.75,10.0,20.1,216.29,185,248,1004.28,1003.4,1006.2,950.42,949.1,952.2,64.04,1,100,36.83,0,100,45.79,0,100,49.83,0,100
2023-11-11,4.27,2.7,6.0,-0.49,-2.1,1.0,84.79,73,97,1.9,0.2,4.0,0.2,0.0,1.2,0.2,0.0,1.2,0.0,0.0,0.07,20.16,13.7,30.3,247.54,183,274,1006.45,1000.3,1011.4,952.12,946.4,956.6,70.29,0,100,59.58,0,100,40.79,0,100,35.12,0,100
2023-11-12,3.59,-1.5,7.8,0.42,-4.8,4.6,86.88,67,98,1.49,-1.7,2.9,0.04,0.0,0.4,0.04,0.0,0.4,0.0,0.0,0.0,8.76,4.0,11.8,196.92,153,239,1010.22,1009.0,1012.4,955.55,953.5,957.6,79.33,1,100,37.08,0,100,39.12,0,100,53.75,0,100
2023-11-13,9.04,3.6,13.2,5.79,1.1,8.9,91.79,83,98,7.75,3.0,10.7,0.68,0.0,3.3,0.68,0.0,3.3,0.0,0.0,0.0,18.48,6.1,33.6,226.54,178,262,1009.31,1005.6,1013.3,955.7,952.8,958.5,99.67,95,100,80.96,5,100,90.25,29,100,79.38,0,100
2023-11-14,9.65,7.5,12.1,5.21,3.5,8.9,78.04,57,94,5.9,3.3,10.9,0.25,0.0,2.1,0.25,0.0,2.1,0.0,0.0,0.0,23.47,17.5,32.8,247.17,213,274,1009.58,1006.8,1012.2,956.08,953.3,958.8,93.62,7,100,32.08,0,100,53.42,0,100,78.12,7,100
2023-11-15,7.68,6.3,9.2,3.05,2.2,4.5,87.08,77,94,5.64,4.5,7.1,0.18,0.0,1.5,0.18,0.0,1.5,0.0,0.0,0.0,24.21,16.9,32.5,263.04,246,272,1016.5,1008.6,1021.4,962.27,954.9,966.7,78.04,48,100,73.12,38,100,26.29,4,100,2.71,0,26
2023-11-16,6.46,4.7,8.2,3.58,1.9,6.0,89.21,74,94,4.79,3.6,5.8,0.41,0.0,1.7,0.41,0.0,1.7,0.0,0.0,0.0,10.92,3.1,16.9,192.88,105,258,1015.19,1008.2,1021.0,960.8,953.9,966.4,95.67,49,100,76.75,11,100,73.75,4,100,61.12,0,100
2023-11-17,4.76,4.0,7.0,1.19,-0.0,2.4,88.96,60,97,2.97,-0.3,4.3,0.32,0.0,0.9,0.32,0.0,0.9,0.0,0.0,0.0,13.18,8.0,18.8,264.71,1,353,1018.85,1008.4,1025.2,963.94,954.0,969.8,99.38,96,100,77.17,17,100,78.75,1,100,60.58,0,100
2023-11-18,4.75,2.6,6.9,1.62,-0.3,3.7,87.58,67,99,2.74,1.2,3.7,0.17,0.0,0.9,0.17,0.0,0.9,0.0,0.0,0.0,9.87,5.0,16.6,235.62,174,304,1025.31,1018.9,1028.1,970.05,964.0,972.6,97.96,59,100,71.96,0,100,44.88,0,100,65.88,0,100
2023-11-19,9.22,5.2,11.9,5.58,1.7,7.9,88.67,79,96,7.43,4.1,9.8,0.42,0.0,2.1,0.42,0.0,2.1,0.0,0.0,0.0,20.41,11.6,29.3,248.46,194,265,1014.9,1013.3,1018.3,961.05,959.8,963.5,72.62,10,100,60.29,0,100,44.71,0,100,40.62,0,100
2023-11-20,7.82,5.6,9.7,4.02,2.8,5.6,86.5,79,93,5.7,4.6,6.6,0.08,0.0,0.6,0.08,0.0,0.6,0.0,0.0,0.0,18.71,8.2,25.7,249.0,209,261,1013.62,1012.3,1015.2,959.58,958.0,961.1,84.04,32,100,53.46,3,100,46.5,1,100,44.04,0,100
2023-11-21,6.24,3.7,7.5,3.71,-0.1,5.5,92.54,88,96,5.13,2.4,5.8,0.21,0.0,1.3,0.21,0.0,1.3,0.0,0.0,0.0,9.05,6.2,16.1,227.08,3,360,1014.7,1011.7,1021.1,960.3,957.5,965.9,91.96,32,100,80.46,23,100,85.88,8,100,18.33,0,89
2023-11-22,1.18,0.3,2.6,-2.57,-3.8,-0.9,82.12,72,95,-1.58,-3.1,1.6,0.0,0.0,0.0,0.0,0.0,0.0,0.0,0.0,0.07,9.42,3.2,16.3,136.58,7,360,1027.46,1021.8,1030.9,971.39,966.3,974.6,95.29,33,100,87.38,6,100,11.04,0,92,43.21,0,100
2023-11-23,2.08,-1.6,5.0,-2.54,-6.3,-0.1,85.62,73,92,-0.1,-3.8,3.7,0.0,0.0,0.0,0.0,0.0,0.0,0.0,0.0,0.0,17.2,8.4,26.9,249.75,230,268,1025.18,1016.8,1029.9,969.4,962.1,973.4,72.08,0,100,64.79,0,100,1.79,0,28,14.38,0,100
2023-11-24,3.9,0.6,6.4,-1.35,-5.3,1.4,88.04,80,96,2.08,-1.6,5.4,0.16,0.0,1.3,0.15,0.0,1.3,0.0,0.0,0.07,23.86,20.0,29.2,280.38,255,296,1009.26,1005.8,1015.5,954.7,950.8,960.9,88.46,22,100,60.25,10,100,70.75,1,100,12.92,0,97
2023-11-25,0.39,-2.5,2.5,-5.25,-7.6,-3.3,85.83,73,99,-1.77,-4.1,0.5,0.12,0.0,0.7,0.02,0.0,0.2,0.07,0.0,0.35,22.22,13.4,29.5,287.96,268,312,1010.15,1005.5,1012.3,954.87,950.6,956.9,84.88,2,100,70.17,0,100,40.96,0,100,15.38,0,100
2023-11-26,0.4,-2.4,2.2,-4.07,-6.4,-2.4,91.04,80,96,-0.91,-3.0,0.6,0.03,0.0,0.2,0.02,0.0,0.2,0.01,0.0,0.07,14.98,9.3,18.1,273.04,251,310,1016.59,1012.9,1018.5,960.95,957.4,962.6,84.67,3,100,83.96,3,100,29.5,0,100,9.42,0,100
2023-11-27,1.4,0.4,2.8,-2.52,-3.1,-1.2,92.5,79,98,0.27,-0.6,1.0,0.39,0.0,1.4,0.1,0.0,0.3,0.2,0.0,0.91,12.35,8.7,16.5,214.58,172,261,1006.79,995.8,1015.6,951.89,941.5,960.3,100.0,100,100,52.17,0,100,99.83,96,100,93.04,0,100
2023-11-28,0.07,-2.4,1.8,-4.4,-6.8,-1.8,91.92,83,100,-1.13,-4.5,1.5,0.42,0.0,1.0,0.18,0.0,0.7,0.17,0.0,0.49,14.88,7.8,22.9,283.21,224,327,999.71,992.5,1010.3,944.94,938.4,954.5,98.79,72,100,98.79,72,100,84.67,0,100,34.92,0,100
2023-11-29,-1.42,-4.4,1.2,-6.08,-8.7,-4.1,83.46,69,92,-3.92,-6.2,-1.9,0.0,0.0,0.0,0.0,0.0,0.0,0.0,0.0,0.0,13.54,8.0,24.7,240.08,211,276,1008.19,1006.4,1010.6,952.66,951.0,954.5,88.79,37,100,66.0,1,100,33.0,0,100,28.92,0,100
2023-11-30,-0.67,-3.0,1.9,-4.31,-6.9,-1.6,86.29,65,97,-2.75,-4.5,-0.7,0.03,0.0,0.3,0.0,0.0,0.0,0.02,0.0,0.21,7.55,3.8,10.7,171.83,141,225,1003.23,1001.3,1006.4,948.13,946.6,950.9,97.88,53,100,23.83,0,100,76.79,1,100,77.54,0,100
2023-12-01,-0.22,-1.6,0.6,-3.46,-5.8,-2.3,96.42,91,99,-0.72,-2.2,-0.2,0.41,0.1,0.8,0.0,0.0,0.0,0.29,0.07,0.56,6.8,0.7,12.1,71.17,23,360,1003.21,1001.8,1004.6,948.19,946.9,949.3,100.0,100,100,96.5,54,100,100.0,100,100,99.88,97,100
2023-12-02,-3.7,-6.0,-2.0,-8.35,-10.5,-6.3,89.92,82,96,-5.1,-7.4,-2.7,0.11,0.0,0.2,0.0,0.0,0.0,0.08,0.0,0.14,12.59,10.0,14.7,219.42,2,356,1011.14,1004.8,1022.0,955.0,949.3,964.8,99.96,99,100,99.42,89,100,64.33,0,100,67.17,0,100
2023-12-03,-5.68,-7.3,-3.0,-10.26,-12.1,-6.9,86.21,75,90,-7.6,-8.7,-5.9,0.0,0.0,0.0,0.0,0.0,0.0,0.0,0.0,0.0,10.29,4.9,15.0,220.38,152,265,1025.23,1022.7,1026.6,967.91,965.5,969.5,53.62,0,100,46.5,0,100,7.25,0,82,6.62,0,64
2023-12-04,-6.02,-8.7,-2.6,-10.76,-13.4,-7.2,83.88,72,92,-8.35,-9.9,-6.4,0.02,0.0,0.1,0.0,0.0,0.0,0.01,0.0,0.07,10.95,8.7,13.9,154.71,142,167,1017.43,1010.2,1024.3,960.46,954.3,966.6,98.71,81,100,46.83,0,100,80.58,8,100,67.0,0,100
2023-12-05,0.85,-3.4,6.0,-3.63,-8.1,1.9,84.38,67,93,-1.58,-6.3,0.6,0.13,0.0,1.6,0.02,0.0,0.2,0.08,0.0,1.12,14.47,11.3,17.8,193.46,163,227,1009.45,1007.9,1011.3,954.29,952.5,956.1,70.5,2,100,60.0,1,100,37.0,0,100,23.17,0,100
2023-12-06,0.89,-0.2,2.1,-3.18,-3.9,-2.1,95.67,93,98,0.27,-0.6,1.2,0.2,0.0,0.8,0.12,0.0,0.4,0.06,0.0,0.35,13.39,9.9,15.3,249.46,210,278,1015.25,1011.5,1020.9,959.8,956.2,965.0,100.0,100,100,100.0,100,100,83.67,0,100,37.75,0,100
2023-12-07,-0.98,-2.8,1.7,-4.66,-7.4,-1.0,91.83,82,99,-2.14,-4.6,-0.3,0.0,0.0,0.0,0.0,0.0,0.0,0.0,0.0,0.0,8.51,3.3,13.0,184.75,74,263,1021.75,1017.5,1024.2,965.57,961.2,968.0,64.88,1,100,46.54,0,100,0.71,0,17,18.12,0,94
2023-12-08,-0.15,-3.2,2.7,-4.02,-7.8,-0.4,88.08,74,98,-1.91,-5.6,1.9,0.24,0.0,0.8,0.24,0.0,0.8,0.0,0.0,0.0,10.14,5.8,13.7,179.67,129,245,1013.9,1011.7,1016.7,958.3,956.8,960.4,100.0,100,100,49.04,0,100,97.04,69,100,99.92,99,100
2023-12-09,3.06,1.6,4.8,-0.6,-2.2,1.2,95.92,90,100,2.45,1.5,3.8,0.27,0.0,1.8,0.26,0.0,1.8,0.0,0.0,0.07,13.14,5.0,22.7,197.54,169,265,1011.79,1001.8,1017.1,956.93,947.6,961.7,98.75,71,100,84.42,0,100,60.67,0,100,74.5,0,100
2023-12-10,6.42,5.0,7.8,1.25,-0.2,2.5,80.17,50,93,3.09,-2.3,5.9,0.19,0.0,2.5,0.19,0.0,2.5,0.0,0.0,0.0,24.42,16.1,30.1,244.92,207,268,1010.12,1002.0,1013.9,956.0,948.4,959.8,88.08,21,100,59.5,0,100,62.92,3,100,58.17,0,100
2023-12-11,7.93,5.9,10.1,3.65,2.0,5.5,84.29,58,93,5.36,0.5,6.6,0.04,0.0,0.3,0.04,0.0,0.3,0.0,0.0,0.0,21.51,17.9,25.8,253.62,235,266,1007.3,1005.1,1011.7,953.62,951.9,957.5,62.08,10,100,57.04,7,100,24.17,0,100,0.0,0,0
2023-12-12,6.55,3.9,8.0,3.85,1.0,5.5,93.17,85,97,5.51,3.2,7.0,0.25,0.0,1.2,0.25,0.0,1.2,0.0,0.0,0.0,10.8,7.2,18.1,209.75,141,261,1008.35,1002.6,1012.3,954.34,949.2,958.1,93.96,0,100,46.42,0,100,52.25,0,100,84.92,0,100
2023-12-13,5.72,3.2,8.2,2.92,0.6,5.6,92.21,81,97,4.52,2.7,7.2,0.13,0.0,1.2,0.13,0.0,1.2,0.0,0.0,0.0,10.05,5.4,17.5,236.29,190,286,1001.99,1000.4,1004.9,948.18,947.1,950.5,92.04,34,100,22.08,0,79,66.54,0,100,82.21,23,100
2023-12-14,4.1,2.9,6.2,0.96,-0.2,2.5,95.92,84,100,3.48,2.0,4.0,0.04,0.0,0.4,0.04,0.0,0.4,0.0,0.0,0.0,10.96,7.8,15.0,289.96,266,322,1015.75,1005.7,1026.8,960.89,951.4,971.1,98.29,85,100,94.21,38,100,39.08,0,98,3.33,0,37
2023-12-15,3.05,1.0,4.7,-0.39,-2.4,1.1,90.79,80,99,1.7,-0.5,3.5,0.01,0.0,0.1,0.01,0.0,0.1,0.0,0.0,0.0,10.81,6.2,15.6,284.12,255,326,1035.26,1027.6,1041.2,979.14,971.8,984.9,98.42,84,100,96.75,71,100,47.33,0,100,18.38,0,100
2023-12-16,3.12,0.5,5.6,0.11,-2.8,2.6,91.58,77,99,1.85,-0.3,3.6,0.0,0.0,0.0,0.0,0.0,0.0,0.0,0.0,0.0,8.1,6.6,10.5,256.0,237,285,1042.36,1041.4,1043.7,985.86,985.0,987.3,57.96,0,100,54.38,0,100,7.0,0,64,8.42,0,37
2023-12-17,1.41,-0.8,6.4,-1.73,-4.3,4.1,91.38,77,96,0.11,-1.8,3.4,0.0,0.0,0.0,0.0,0.0,0.0,0.0,0.0,0.0,6.92,3.0,9.5,207.04,165,238,1040.27,1038.1,1042.6,983.55,981.1,985.5,38.79,0,100,0.0,0,0,0.0,0,0,38.79,0,100
2023-12-18,1.0,-1.8,7.2,-2.74,-5.7,4.3,82.62,58,91,-1.73,-3.8,2.0,0.0,0.0,0.0,0.0,0.0,0.0,0.0,0.0,0.0,9.2,5.7,11.8,212.42,191,231,1035.11,1031.7,1038.1,978.59,975.0,981.2,8.38,0,82,0.0,0,0,0.0,0,0,8.38,0,82
2023-12-19,1.08,-1.6,3.4,-3.22,-5.7,-0.3,81.17,67,92,-1.83,-3.5,1.6,0.0,0.0,0.0,0.0,0.0,0.0,0.0,0.0,0.0,13.0,9.0,19.2,238.12,211,255,1026.19,1019.3,1031.6,970.16,964.1,974.9,74.25,0,100,23.79,0,100,36.5,0,100,68.33,0,100
2023-12-20,3.35,2.4,4.5,-1.61,-3.0,0.4,88.54,78,97,1.6,0.0,3.5,0.21,0.0,1.0,0.21,0.0,1.0,0.0,0.0,0.0,21.08,17.2,25.8,257.67,241,272,1018.18,1017.0,1019.6,963.04,961.9,964.4,98.33,74,100,98.12,72,100,61.04,0,100,43.17,0,100
2023-12-21,5.32,2.8,7.2,-0.7,-2.9,1.2,90.79,87,94,3.95,1.1,6.2,0.68,0.1,3.6,0.68,0.1,3.6,0.0,0.0,0.0,31.38,24.3,38.2,251.75,238,287,1004.97,997.6,1016.0,950.91,944.3,960.9,99.38,89,100,97.75,71,100,94.12,50,100,53.0,0,100
2023-12-22,4.36,1.5,5.9,-1.53,-3.0,0.2,93.08,88,100,3.32,1.2,5.1,0.71,0.2,2.5,0.6,0.2,1.6,0.08,0.0,0.63,29.65,11.6,39.6,279.62,261,300,1003.36,1000.6,1006.0,949.22,946.7,952.0,98.08,68,100,88.62,21,100,94.29,55,100,47.54,0,100
2023-12-23,5.14,4.8,5.7,-0.9,-1.9,0.0,94.21,89,96,4.27,3.8,4.9,0.62,0.1,2.3,0.62,0.1,2.3,0.0,0.0,0.0,31.76,25.4,42.8,267.29,252,294,1010.42,1006.1,1014.2,956.04,952.0,959.6,100.0,100,100,99.96,99,100,95.42,47,100,92.62,37,100
2023-12-24,6.6,5.4,8.1,1.53,-0.2,3.4,89.71,79,93,5.02,3.7,6.2,0.12,0.0,0.5,0.12,0.0,0.5,0.0,0.0,0.0,26.39,20.6,33.6,245.79,238,256,1012.77,1011.4,1014.4,958.55,957.4,959.9,100.0,100,100,97.08,36,100,71.0,0,100,81.71,31,100
2023-12-25,7.86,7.4,8.5,3.43,2.5,4.5,83.75,72,88,5.29,3.4,5.7,0.07,0.0,0.3,0.07,0.0,0.3,0.0,0.0,0.0,22.4,16.8,27.7,247.71,242,253,1013.93,1012.3,1015.7,959.88,958.4,961.6,100.0,100,100,98.29,59,100,92.0,16,100,66.33,21,100
2023-12-26,6.97,6.0,8.4,2.71,0.8,4.6,84.75,81,90,4.56,3.3,5.8,0.02,0.0,0.2,0.02,0.0,0.2,0.0,0.0,0.0,20.09,14.2,26.9,252.58,238,264,1017.95,1013.6,1023.9,963.52,959.5,969.0,100.0,100,100,100.0,100,100,34.79,0,100,63.54,0,100
2023-12-27,5.5,3.5,8.2,2.23,-1.1,5.0,81.92,50,98,2.46,-4.9,5.0,0.0,0.0,0.0,0.0,0.0,0.0,0.0,0.0,0.0,10.72,4.9,15.6,195.5,165,260,1021.92,1018.2,1025.0,966.98,963.3,969.7,97.75,71,100,32.75,0,100,22.25,0,100,77.62,1,100
2023-12-28,7.43,4.5,9.2,3.4,-0.5,5.2,68.67,42,88,1.7,-6.3,5.8,0.03,0.0,0.3,0.03,0.0,0.3,0.0,0.0,0.0,15.43,12.7,18.2,231.29,207,255,1019.24,1018.1,1020.4,964.81,963.4,966.1,97.75,64,100,44.12,0,100,62.5,0,100,79.58,0,100
2023-12-29,8.17,7.0,10.1,3.78,2.3,5.5,77.58,69,86,4.45,2.7,5.7,0.0,0.0,0.0,0.0,0.0,0.0,0.0,0.0,0.0,20.89,16.5,26.9,237.08,224,246,1016.5,1015.4,1018.0,962.37,961.2,963.7,90.5,31,100,36.5,1,100,9.54,0,100,77.0,5,100
2023-12-30,6.4,2.6,9.0,2.4,-0.9,4.5,80.92,63,94,3.29,1.7,4.7,0.0,0.0,0.0,0.0,0.0,0.0,0.0,0.0,0.0,16.62,8.4,22.3,235.79,184,263,1017.26,1015.8,1018.8,962.75,960.9,964.5,87.67,35,100,56.29,0,100,15.04,0,100,59.38,7,100
2023-12-31,3.58,1.3,7.3,-0.43,-2.7,2.4,86.38,69,95,1.46,-0.3,4.9,0.08,0.0,1.0,0.08,0.0,1.0,0.0,0.0,0.0,14.35,10.5,24.6,197.71,169,268,1010.01,1005.9,1015.6,955.36,952.0,960.4,98.75,83,100,4.46,0,100,55.71,0,100,98.62,83,100
2024-01-01,4.31,3.0,5.9,-0.53,-1.5,0.8,76.46,67,87,0.5,-0.5,1.2,0.01,0.0,0.2,0.01,0.0,0.2,0.0,0.0,0.0,18.95,14.0,26.9,235.54,219,258,1011.96,1010.0,1014.4,957.33,955.4,959.5,89.92,50,100,41.04,0,100,28.92,0,100,59.25,0,100
2024-01-02,6.08,3.1,8.7,1.06,-1.5,3.3,85.25,69,91,3.75,-2.0,5.9,0.78,0.0,1.7,0.78,0.0,1.7,0.0,0.0,0.0,24.28,15.3,30.3,225.25,196,246,1004.45,997.9,1013.2,950.58,944.8,958.3,100.0,100,100,76.12,0,100,97.12,33,100,91.29,0,100
2024-01-03,7.74,6.2,9.0,2.29,0.5,3.7,81.46,75,90,4.75,3.7,5.7,0.34,0.0,3.0,0.34,0.0,3.0,0.0,0.0,0.0,28.43,25.9,32.1,243.88,239,257,999.83,998.6,1001.3,946.5,945.3,947.9,83.54,33,100,72.12,28,100,48.79,0,100,26.92,0,100
2024-01-04,5.32,3.3,6.3,0.33,-0.6,1.4,88.38,79,95,3.54,2.1,4.8,0.29,0.0,1.6,0.29,0.0,1.6,0.0,0.0,0.0,23.74,9.3,32.1,249.25,205,264,1005.9,1000.3,1010.6,951.79,946.6,956.1,88.42,27,100,75.25,0,100,49.96,0,100,43.88,0,96
2024-01-05,4.14,2.0,8.4,1.02,-1.9,5.7,89.0,70,97,2.43,0.3,4.4,0.0,0.0,0.1,0.0,0.0,0.1,0.0,0.0,0.0,9.45,4.7,14.6,196.17,170,285,1005.81,1004.1,1009.2,951.48,950.4,954.5,99.46,87,100,25.29,0,100,57.71,6,100,99.42,86,100
2024-01-06,2.68,1.3,3.9,-0.26,-1.5,0.9,92.92,82,98,1.62,1.0,2.6,0.0,0.0,0.1,0.0,0.0,0.1,0.0,0.0,0.0,7.18,4.6,10.8,259.88,8,360,1008.85,1005.6,1011.5,954.08,951.1,956.4,100.0,100,100,56.67,0,100,78.83,3,100,89.54,13,100
2024-01-07,-0.76,-4.9,2.3,-5.62,-10.3,-1.1,84.75,69,99,-3.08,-8.8,2.0,0.06,0.0,0.2,0.04,0.0,0.2,0.02,0.0,0.07,16.02,8.7,18.9,52.38,6,360,1016.77,1011.5,1023.4,960.9,956.4,966.3,99.96,99,100,80.75,0,100,99.29,83,100,99.17,93,100
2024-01-08,-4.35,-6.6,-1.2,-10.0,-12.6,-7.0,65.33,55,76,-9.94,-13.7,-7.9,0.0,0.0,0.0,0.0,0.0,0.0,0.0,0.0,0.0,16.28,13.1,19.0,52.38,37,74,1026.37,1023.8,1030.5,969.23,966.6,972.7,60.29,0,100,55.12,0,100,13.62,0,99,33.54,0,96
2024-01-09,-5.13,-7.0,-1.3,-11.12,-13.3,-7.2,46.54,32,59,-15.09,-16.5,-13.2,0.0,0.0,0.0,0.0,0.0,0.0,0.0,0.0,0.0,16.21,12.6,19.0,71.12,64,80,1029.9,1028.4,1030.9,972.41,971.6,973.2,0.83,0,20,0.0,0,0,0.83,0,20,0.0,0,0
2024-01-10,-4.34,-6.5,-0.4,-8.82,-11.4,-4.5,66.83,52,86,-9.74,-14.2,-6.5,0.0,0.0,0.0,0.0,0.0,0.0,0.0,0.0,0.0,8.46,4.8,12.2,98.38,61,143,1029.23,1028.6,1029.9,971.95,971.2,972.6,48.62,0,100,3.38,0,23,33.75,0,100,32.92,0,100
2024-01-11,-4.66,-7.8,-0.1,-8.81,-11.8,-4.1,75.58,51,89,-8.5,-9.4,-7.5,0.0,0.0,0.0,0.0,0.0,0.0,0.0,0.0,0.0,6.81,5.1,8.9,129.08,4,356,1030.8,1030.1,1032.0,973.36,972.3,974.4,3.92,0,29,0.5,0,8,0.12,0,3,3.29,0,29
2024-01-12,-3.45,-5.9,-2.0,-7.24,-10.0,-5.4,87.33,73,96,-5.27,-9.4,-3.8,0.0,0.0,0.0,0.0,0.0,0.0,0.0,0.0,0.0,6.55,4.3,8.6,157.5,7,360,1032.24,1031.4,1033.3,974.97,974.3,976.1,86.33,0,100,86.33,0,100,0.0,0,0,0.0,0,0
2024-01-13,-3.53,-4.3,-2.4,-8.05,-9.3,-6.8,85.75,73,92,-5.6,-6.6,-4.7,0.0,0.0,0.0,0.0,0.0,0.0,0.0,0.0,0.0,11.12,5.9,16.7,249.21,225,269,1026.21,1020.9,1031.0,969.27,964.2,973.9,99.25,83,100,99.08,81,100,0.0,0,0,20.62,0,100
2024-01-14,-3.62,-5.4,0.2,-8.55,-11.0,-4.2,83.5,63,92,-6.07,-6.9,-4.9,0.0,0.0,0.0,0.0,0.0,0.0,0.0,0.0,0.0,13.83,8.1,22.4,253.38,236,266,1013.87,1007.6,1020.2,957.6,951.5,963.6,90.79,24,100,66.62,2,100,0.0,0,0,79.12,0,100
2024-01-15,-2.8,-4.7,-1.2,-8.67,-10.6,-6.4,84.38,74,90,-5.09,-6.2,-3.5,0.15,0.0,1.0,0.0,0.0,0.0,0.1,0.0,0.7,21.0,15.3,23.5,255.58,246,267,1006.43,1004.1,1010.2,950.72,948.8,954.4,99.54,95,100,97.92,68,100,56.5,0,100,5.88,0,94
2024-01-16,-2.98,-5.7,-0.5,-7.75,-10.3,-4.5,77.25,63,90,-6.48,-8.2,-5.4,0.0,0.0,0.0,0.0,0.0,0.0,0.0,0.0,0.0,12.42,3.7,22.3,233.67,176,264,1011.69,1008.7,1013.4,955.66,952.3,957.3,86.0,6,100,33.17,0,100,48.67,0,100,45.08,0,100
2024-01-17,0.34,-6.0,7.2,-4.09,-10.6,2.8,90.67,83,97,-1.0,-8.1,5.3,0.38,0.0,2.0,0.33,0.0,1.9,0.03,0.0,0.28,15.24,9.8,22.6,184.88,169,222,996.42,987.6,1007.9,941.87,934.8,951.5,100.0,100,100,49.83,0,100,82.38,0,100,99.04,88,100
2024-01-18,1.75,-2.8,6.8,-2.12,-6.6,2.6,93.17,87,99,0.74,-3.9,5.1,0.33,0.0,1.5,0.18,0.0,0.7,0.1,0.0,1.05,12.89,5.4,20.6,294.71,224,346,996.42,988.9,1012.1,942.15,936.0,956.1,100.0,100,100,97.71,61,100,91.62,26,100,77.5,3,100
2024-01-19,-2.99,-4.8,-0.8,-7.32,-8.9,-5.6,83.71,62,94,-5.42,-7.2,-4.2,0.0,0.0,0.0,0.0,0.0,0.0,0.0,0.0,0.0,10.15,7.2,14.2,282.17,253,322,1021.6,1013.0,1029.5,965.02,956.9,972.2,92.58,41,100,84.46,1,100,1.25,0,23,16.62,0,100
2024-01-20,-4.13,-5.9,0.8,-8.14,-9.8,-3.5,82.29,52,95,-6.82,-8.7,-5.7,0.0,0.0,0.0,0.0,0.0,0.0,0.0,0.0,0.0,6.98,3.6,10.0,198.92,165,264,1032.86,1030.0,1034.3,975.42,972.5,977.0,43.29,0,100,39.79,0,100,0.0,0,0,3.5,0,25
2024-01-21,-1.99,-6.0,3.8,-6.99,-11.6,-0.4,59.96,34,72,-8.96,-12.4,-5.5,0.0,0.0,0.0,0.0,0.0,0.0,0.0,0.0,0.0,12.52,6.8,16.2,183.54,153,211,1030.65,1028.1,1032.6,973.77,971.9,975.0,61.79,0,100,0.88,0,12,13.0,0,85,55.54,0,100
2024-01-22,4.7,-0.7,10.8,-0.48,-6.4,5.9,72.21,51,92,-0.09,-7.0,6.0,0.33,0.0,3.4,0.33,0.0,3.4,0.0,0.0,0.0,21.38,14.2,26.7,222.67,190,255,1020.9,1015.9,1027.5,965.85,961.9,971.2,90.17,23,100,47.0,0,100,58.79,0,100,76.04,0,100
2024-01-23,4.2,3.2,5.9,-1.02,-2.3,0.2,84.29,72,94,1.72,0.4,3.5,0.08,0.0,0.4,0.08,0.0,0.4,0.0,0.0,0.0,22.95,16.5,27.4,254.54,217,273,1027.97,1022.4,1031.5,972.47,967.1,975.8,90.38,50,100,68.67,1,100,45.08,0,100,29.62,0,100
2024-01-24,8.13,4.7,10.2,2.87,-0.4,4.9,82.75,71,91,5.36,2.6,8.1,0.12,0.0,1.5,0.12,0.0,1.5,0.0,0.0,0.0,28.21,23.5,35.8,259.92,234,278,1024.78,1022.2,1028.8,970.2,968.1,973.5,95.79,70,100,71.88,5,100,43.83,0,100,82.12,18,100
2024-01-25,4.94,3.2,7.3,1.0,-0.3,2.9,85.88,65,96,2.69,1.2,4.0,0.01,0.0,0.1,0.01,0.0,0.1,0.0,0.0,0.0,15.36,8.3,23.1,272.88,236,291,1029.92,1028.1,1031.9,974.44,972.9,976.4,94.25,59,100,63.33,0,100,50.42,0,100,56.08,0,100
2024-01-26,6.32,1.4,9.4,2.56,-2.7,5.2,91.67,81,97,5.05,0.2,7.5,0.16,0.0,1.0,0.16,0.0,1.0,0.0,0.0,0.0,17.44,9.6,25.2,262.33,230,307,1028.09,1024.3,1034.7,972.99,969.8,978.3,79.71,0,100,77.33,0,100,62.33,0,100,57.38,0,100
2024-01-27,1.11,-2.2,5.4,-2.56,-6.0,2.4,78.42,57,92,-2.43,-4.0,-0.3,0.0,0.0,0.0,0.0,0.0,0.0,0.0,0.0,0.0,8.15,1.1,13.3,233.0,31,360,1037.62,1035.1,1039.1,980.97,978.5,982.4,6.12,0,51,0.0,0,0,0.0,0,0,6.12,0,51
2024-01-28,1.35,-2.2,7.6,-2.69,-5.9,3.9,69.88,47,89,-3.86,-6.2,-1.8,0.0,0.0,0.0,0.0,0.0,0.0,0.0,0.0,0.0,9.4,6.4,11.6,148.42,131,163,1035.11,1033.3,1037.6,978.65,976.9,980.5,13.71,0,98,0.08,0,1,0.08,0,1,13.67,0,98
2024-01-29,1.82,-1.9,8.7,-2.05,-6.1,6.0,76.33,54,91,-2.07,-6.6,2.2,0.0,0.0,0.0,0.0,0.0,0.0,0.0,0.0,0.0,9.81,3.9,13.4,179.54,158,192,1032.5,1031.6,1033.8,976.26,975.3,977.4,54.79,0,100,0.0,0,0,6.46,0,53,54.25,0,100
2024-01-30,3.02,-1.2,9.6,-0.5,-5.2,6.8,78.29,59,90,-0.53,-3.0,1.9,0.01,0.0,0.2,0.01,0.0,0.2,0.0,0.0,0.0,8.96,3.4,11.7,208.33,174,244,1032.49,1031.5,1034.3,976.5,975.4,978.3,95.17,52,100,0.0,0,0,60.42,2,100,93.58,41,100
2024-01-31,5.06,3.3,7.9,2.32,-0.1,5.7,92.96,81,98,3.99,2.3,5.5,0.05,0.0,1.3,0.05,0.0,1.3,0.0,0.0,0.0,8.86,5.6,12.8,244.92,220,311,1033.82,1030.7,1035.3,978.17,975.1,979.7,90.79,47,100,82.25,4,100,10.25,0,100,20.79,0,100
2024-02-01,5.09,-0.2,7.1,1.35,-3.5,4.0,90.83,85,95,3.71,-1.3,5.5,0.19,0.0,1.4,0.19,0.0,1.4,0.0,0.0,0.0,15.5,7.0,24.5,273.71,235,304,1030.35,1028.8,1034.4,974.88,973.5,977.7,82.79,23,100,68.67,1,100,34.42,0,100,58.08,0,100
2024-02-02,3.51,-1.0,7.6,-0.91,-4.4,2.8,81.79,66,94,0.52,-1.9,2.8,0.01,0.0,0.1,0.01,0.0,0.1,0.0,0.0,0.0,16.21,6.5,24.7,255.92,247,282,1032.23,1029.8,1034.7,976.35,974.4,978.0,76.88,17,100,17.5,0,100,39.83,0,100,60.92,8,100
2024-02-03,5.75,4.8,6.4,1.02,-0.2,1.8,86.29,74,94,3.6,1.5,4.7,0.01,0.0,0.1,0.01,0.0,0.1,0.0,0.0,0.0,21.98,18.4,25.6,263.46,252,272,1029.26,1028.3,1030.0,973.98,973.1,974.6,99.0,76,100,98.25,58,100,2.12,0,32,65.83,0,100
2024-02-04,6.5,5.5,7.9,1.55,0.7,2.8,89.79,82,94,4.95,4.4,5.6,0.05,0.0,0.3,0.05,0.0,0.3,0.0,0.0,0.0,25.28,21.0,32.5,259.0,253,264,1026.27,1024.7,1028.1,971.3,969.9,973.0,100.0,100,100,100.0,100,100,45.92,0,100,79.54,1,100
2024-02-05,6.32,3.8,9.6,1.57,-0.7,5.1,83.04,66,92,3.57,2.6,4.7,0.0,0.0,0.1,0.0,0.0,0.1,0.0,0.0,0.0,22.18,17.7,29.2,253.58,241,265,1023.65,1021.3,1025.9,968.78,966.1,970.8,83.21,10,100,50.33,0,100,0.62,0,13,74.88,0,100
2024-02-06,5.22,2.8,7.4,-0.15,-2.7,2.5,80.62,71,91,2.09,1.3,3.1,0.0,0.0,0.0,0.0,0.0,0.0,0.0,0.0,0.0,24.43,20.3,29.8,254.83,241,272,1018.82,1015.1,1021.1,964.01,960.6,965.9,96.92,48,100,87.08,0,100,0.0,0,0,70.46,21,100
2024-02-07,6.85,5.9,8.3,2.2,1.0,3.5,86.12,76,92,4.66,2.0,6.4,0.33,0.0,0.9,0.33,0.0,0.9,0.0,0.0,0.0,22.84,19.3,29.0,238.17,231,249,1009.11,1005.0,1014.2,955.14,951.2,959.8,100.0,100,100,99.5,95,100,72.54,0,100,83.71,10,100
2024-02-08,8.31,6.6,9.9,4.7,2.3,6.0,90.21,85,93,6.8,5.2,8.1,0.46,0.0,1.4,0.46,0.0,1.4,0.0,0.0,0.0,18.96,10.7,23.5,234.58,194,248,1001.98,998.1,1004.8,948.64,944.9,951.0,100.0,100,100,71.67,0,100,96.42,71,100,87.38,15,100
2024-02-09,9.1,7.4,11.8,6.36,4.4,9.4,87.96,75,95,7.17,6.0,8.4,0.31,0.0,1.0,0.31,0.0,1.0,0.0,0.0,0.0,13.56,5.1,20.7,191.17,176,215,993.95,991.9,997.9,941.18,939.0,944.6,99.42,86,100,30.5,0,100,88.71,3,100,99.42,86,100
2024-02-10,7.69,4.5,11.4,5.56,2.3,9.4,90.96,77,100,6.25,4.3,7.9,0.01,0.0,0.2,0.01,0.0,0.2,0.0,0.0,0.0,7.93,4.2,14.0,100.5,51,153,988.75,985.9,991.6,936.0,933.4,938.5,99.25,90,100,6.21,0,100,51.29,0,100,94.88,53,100
2024-02-11,6.0,4.1,7.6,2.14,-0.6,4.4,88.75,78,97,4.25,2.3,7.0,0.22,0.0,0.8,0.22,0.0,0.8,0.0,0.0,0.0,16.91,5.6,24.2,252.83,195,285,993.68,986.8,1000.2,940.36,933.7,946.3,99.42,86,100,56.96,0,100,72.83,0,100,99.0,86,100
2024-02-12,5.45,3.5,7.7,1.6,-0.1,3.8,85.04,72,93,3.08,2.3,4.2,0.04,0.0,0.3,0.04,0.0,0.3,0.0,0.0,0.0,15.31,11.0,22.8,255.46,229,281,1005.83,1000.7,1014.1,951.75,946.7,959.2,92.58,16,100,63.46,6,100,35.0,0,100,32.08,0,100
2024-02-13,3.78,1.3,7.8,0.19,-2.2,3.4,82.62,53,99,0.85,-1.4,2.8,0.03,0.0,0.4,0.03,0.0,0.4,0.0,0.0,0.0,10.88,5.9,15.7,257.67,203,283,1020.56,1015.0,1023.0,965.38,960.0,967.2,81.79,3,100,49.42,0,100,13.92,0,100,43.96,0,100
2024-02-14,5.69,-0.1,9.9,2.48,-3.8,6.7,83.92,70,94,3.11,-1.3,7.0,0.15,0.0,2.3,0.15,0.0,2.3,0.0,0.0,0.0,11.36,6.1,19.7,222.88,189,260,1022.8,1022.5,1023.3,967.85,966.5,968.6,90.42,9,100,64.42,0,100,63.96,0,100,58.29,0,100
2024-02-15,9.06,5.3,13.9,6.86,2.8,11.6,84.29,58,97,6.34,4.8,8.1,0.0,0.0,0.0,0.0,0.0,0.0,0.0,0.0,0.0,8.58,5.5,11.4,186.38,129,249,1020.36,1017.6,1022.7,966.18,963.3,968.1,93.88,23,100,9.21,0,100,26.79,0,100,86.79,19,100
2024-02-16,9.6,5.0,15.7,7.21,2.3,13.6,83.5,56,96,6.71,4.3,9.0,0.05,0.0,1.0,0.05,0.0,1.0,0.0,0.0,0.0,10.59,5.4,14.4,226.21,163,279,1018.06,1015.7,1022.4,964.09,961.3,968.3,91.38,49,100,2.75,0,18,72.5,16,100,78.79,8,100
2024-02-17,8.75,4.4,11.5,6.23,2.0,8.5,84.75,62,96,6.22,2.8,9.4,0.06,0.0,0.8,0.06,0.0,0.8,0.0,0.0,0.0,10.84,4.9,15.2,299.83,260,326,1029.97,1023.0,1035.1,975.23,968.8,979.3,67.62,3,100,60.88,1,100,30.33,0,100,13.54,0,100
2024-02-18,7.08,1.9,12.1,4.23,-0.8,9.0,82.08,55,100,3.92,1.9,6.2,0.04,0.0,0.4,0.04,0.0,0.4,0.0,0.0,0.0,9.54,1.3,20.6,220.92,178,277,1030.87,1026.0,1035.2,975.75,971.2,979.4,78.38,0,100,31.67,0,100,35.58,0,100,67.83,0,100
2024-02-19,7.03,6.0,7.7,2.92,2.3,3.8,84.12,69,96,4.43,2.3,6.3,0.08,0.0,0.4,0.08,0.0,0.4,0.0,0.0,0.0,18.97,12.9,22.4,267.29,246,297,1027.07,1025.7,1028.7,972.15,970.8,973.8,98.71,79,100,83.62,10,100,60.75,0,100,53.0,0,100
2024-02-20,5.94,4.2,8.1,2.06,0.6,3.3,80.17,55,96,2.57,-0.4,5.8,0.04,0.0,0.3,0.04,0.0,0.3,0.0,0.0,0.0,14.95,11.6,18.9,279.42,253,302,1028.58,1026.3,1030.3,973.38,971.2,975.1,95.17,44,100,64.96,0,100,43.12,0,99,46.0,0,100
2024-02-21,7.15,3.3,11.2,3.65,-0.2,7.7,70.0,48,86,1.79,0.3,3.2,0.01,0.0,0.3,0.01,0.0,0.3,0.0,0.0,0.0,11.32,4.2,14.8,227.08,171,252,1021.11,1012.6,1028.7,966.52,958.6,973.1,93.38,11,100,4.46,0,35,60.67,0,100,92.46,4,100
2024-02-22,8.3,6.7,9.9,4.07,3.0,6.3,85.33,80,88,6.01,4.3,7.3,0.7,0.0,1.7,0.7,0.0,1.7,0.0,0.0,0.0,22.15,13.6,26.2,213.33,191,230,1000.58,992.5,1011.2,947.31,939.7,957.1,100.0,100,100,72.08,0,100,99.88,97,100,99.79,98,100
2024-02-23,4.42,1.4,8.0,0.29,-2.2,3.4,78.17,55,92,0.81,-2.1,5.9,0.06,0.0,0.4,0.06,0.0,0.4,0.0,0.0,0.0,14.66,7.0,25.1,214.67,163,260,999.32,993.8,1000.8,945.4,940.8,946.9,99.96,99,100,27.83,0,99,82.5,0,100,97.88,62,100
2024-02-24,2.59,-0.6,8.5,-1.27,-4.5,4.0,80.92,47,92,-0.58,-2.3,1.9,0.13,0.0,1.0,0.08,0.0,0.5,0.04,0.0,0.49,11.12,5.9,15.6,199.96,180,251,1004.71,999.8,1008.7,950.15,945.1,953.8,80.5,25,100,4.46,0,28,32.38,0,100,74.0,2,100
2024-02-25,4.22,-0.0,9.7,0.28,-4.3,5.6,71.33,45,86,-0.87,-2.2,1.0,0.0,0.0,0.1,0.0,0.0,0.1,0.0,0.0,0.0,11.29,7.1,13.7,168.71,104,210,1006.23,1001.7,1009.0,951.89,947.5,954.2,38.25,0,100,1.12,0,13,8.92,0,43,32.25,0,100
2024-02-26,5.45,2.1,11.0,2.31,-1.2,7.9,74.54,53,91,1.06,-0.5,3.3,0.03,0.0,0.4,0.03,0.0,0.4,0.0,0.0,0.0,7.95,4.7,11.6,94.92,50,147,1002.51,1000.3,1008.1,948.62,946.0,953.7,99.92,98,100,7.46,0,99,97.92,77,100,92.0,16,100
2024-02-27,5.18,3.3,8.4,1.74,-0.5,4.9,86.92,75,95,3.12,1.2,4.7,0.02,0.0,0.1,0.02,0.0,0.1,0.0,0.0,0.0,12.51,8.5,16.6,30.71,10,42,1012.58,1008.8,1017.2,958.09,954.3,962.1,99.62,95,100,37.54,0,100,86.71,7,100,78.5,0,100
2024-02-28,4.45,2.4,6.8,1.84,-0.6,4.5,86.58,72,98,2.34,1.5,2.8,0.0,0.0,0.0,0.0,0.0,0.0,0.0,0.0,0.0,5.79,0.8,10.1,152.42,2,360,1021.31,1017.8,1023.0,966.2,962.5,968.0,100.0,100,100,98.88,87,100,1.62,0,25,35.54,0,100
2024-02-29,3.98,-1.6,9.7,0.88,-5.4,6.8,83.96,62,96,1.35,-2.2,3.1,0.0,0.0,0.0,0.0,0.0,0.0,0.0,0.0,0.0,8.07,4.5,11.8,141.21,104,198,1015.99,1008.8,1022.4,961.08,954.0,966.8,38.29,0,100,28.67,0,100,0.0,0,0,15.54,0,100
2024-03-01,5.27,0.2,10.8,2.72,-2.9,8.2,87.33,65,100,3.19,0.0,5.3,0.0,0.0,0.0,0.0,0.0,0.0,0.0,0.0,0.0,6.57,0.7,10.0,217.33,90,270,1007.89,1007.2,1008.8,953.65,952.1,954.8,79.0,0,100,61.54,0,100,54.21,0,100,47.71,0,100
2024-03-02,6.88,3.2,11.9,3.85,-0.1,8.9,84.0,60,98,4.13,2.7,5.6,0.0,0.0,0.0,0.0,0.0,0.0,0.0,0.0,0.0,11.08,8.3,14.1,145.04,88,186,1005.88,1003.3,1007.7,952.07,949.3,953.7,70.29,2,100,2.12,0,28,43.88,0,100,65.46,0,100
2024-03-03,8.09,2.2,15.4,5.24,-0.8,12.3,76.38,47,95,3.68,1.3,5.0,0.0,0.0,0.0,0.0,0.0,0.0,0.0,0.0,0.0,9.22,6.8,12.3,103.38,69,128,1001.07,998.7,1003.1,947.72,946.5,949.1,37.08,0,100,0.0,0,0,0.08,0,1,37.0,0,100
2024-03-04,5.68,0.8,8.6,2.94,-2.3,5.9,90.0,79,99,4.09,0.7,5.4,0.0,0.0,0.1,0.0,0.0,0.1,0.0,0.0,0.0,8.99,4.6,14.0,265.17,37,315,1009.06,1002.5,1012.9,954.84,948.5,958.5,92.29,5,100,70.58,0,100,2.33,0,34,29.88,0,100
2024-03-05,5.88,2.5,9.0,3.26,-0.2,5.8,88.54,68,97,4.07,1.9,5.2,0.09,0.0,0.7,0.09,0.0,0.7,0.0,0.0,0.0,8.12,4.7,11.3,280.04,263,303,1015.15,1013.0,1017.7,960.67,958.6,962.4,90.25,55,100,70.96,10,100,40.46,0,100,14.0,0,82
2024-03-06,5.5,2.7,8.9,2.37,-0.4,5.4,85.96,64,100,3.17,0.8,4.5,0.08,0.0,0.3,0.08,0.0,0.3,0.0,0.0,0.0,10.49,4.8,13.5,119.21,15,355,1020.48,1018.0,1024.1,965.62,962.7,968.7,96.96,67,100,85.17,3,100,66.17,0,100,43.92,0,99
2024-03-07,3.18,-1.4,6.7,-0.81,-5.2,2.7,74.25,62,92,-1.14,-2.6,0.5,0.0,0.0,0.0,0.0,0.0,0.0,0.0,0.0,0.0,11.58,7.7,14.4,65.25,32,88,1022.17,1020.2,1024.5,966.78,964.9,968.7,70.33,4,100,70.29,4,100,0.29,0,5,0.0,0,0
2024-03-08,3.6,-1.3,9.4,-1.13,-6.0,4.6,69.33,47,92,-1.91,-3.3,-0.1,0.0,0.0,0.0,0.0,0.0,0.0,0.0,0.0,0.0,16.04,13.0,20.4,96.46,85,109,1014.2,1008.9,1019.9,959.31,954.1,964.4,5.04,0,72,5.04,0,72,0.0,0,0,0.0,0,0
2024-03-09,5.79,-0.7,13.5,2.35,-4.0,10.3,69.38,42,89,0.2,-2.6,2.8,0.0,0.0,0.0,0.0,0.0,0.0,0.0,0.0,0.0,9.39,4.7,13.7,112.29,80,148,1004.7,1000.2,1008.5,950.74,946.6,953.4,61.12,0,100,0.0,0,0,19.42,0,100,49.29,0,100
2024-03-10,8.55,3.5,14.9,4.9,-0.3,11.0,69.04,43,88,2.9,0.4,5.3,0.02,0.0,0.2,0.02,0.0,0.2,0.0,0.0,0.0,13.8,7.9,25.4,105.12,64,245,995.98,993.0,1000.1,943.0,940.8,946.3,98.38,83,100,9.54,0,100,32.92,0,100,98.38,83,100
2024-03-11,7.08,3.1,12.5,3.59,-0.7,8.7,73.75,43,93,2.15,-0.1,4.1,0.0,0.0,0.0,0.0,0.0,0.0,0.0,0.0,0.0,11.82,6.9,22.0,238.58,200,273,1005.81,1000.1,1012.2,952.04,946.1,957.6,52.67,0,100,16.67,0,100,5.83,0,57,40.96,0,100
2024-03-12,5.66,3.1,8.9,1.98,-0.5,4.7,81.75,65,93,2.7,1.6,3.8,0.02,0.0,0.2,0.02,0.0,0.2,0.0,0.0,0.0,13.5,8.2,19.5,258.38,220,279,1016.62,1012.6,1019.4,962.01,957.9,964.5,80.21,30,100,46.38,0,100,23.08,0,100,45.29,0,100
2024-03-13,7.24,3.6,10.4,4.87,0.8,7.9,87.58,68,97,5.22,3.1,8.1,0.15,0.0,1.0,0.15,0.0,1.0,0.0,0.0,0.0,8.19,5.3,10.4,229.88,182,268,1018.51,1018.0,1019.0,964.09,963.1,964.6,96.42,57,100,95.58,57,100,61.54,0,100,41.29,0,100
2024-03-14,9.72,6.1,14.8,7.74,4.2,12.9,83.83,58,98,6.81,5.8,8.7,0.0,0.0,0.0,0.0,0.0,0.0,0.0,0.0,0.0,7.77,5.0,10.8,195.17,153,239,1016.05,1013.4,1018.8,962.22,959.5,964.5,93.88,54,100,14.33,0,47,67.25,12,100,88.46,11,100
2024-03-15,10.31,7.6,15.4,7.58,4.7,11.4,79.83,56,92,6.84,5.0,9.4,0.07,0.0,0.6,0.07,0.0,0.6,0.0,0.0,0.0,13.18,7.6,21.6,234.62,207,259,1013.88,1012.9,1015.8,960.26,958.9,961.8,91.83,47,100,13.58,0,87,33.04,0,89,84.75,17,100
2024-03-16,8.54,4.1,12.0,5.2,1.7,8.1,85.17,68,92,6.13,2.9,7.5,0.2,0.0,1.4,0.2,0.0,1.4,0.0,0.0,0.0,16.18,5.3,24.3,264.0,228,303,1019.27,1015.5,1025.9,965.06,961.5,970.5,84.25,13,100,57.46,13,100,44.5,0,100,50.21,0,100
2024-03-17,7.32,2.8,12.1,4.79,0.2,9.2,74.0,52,94,2.69,1.6,3.6,0.0,0.0,0.0,0.0,0.0,0.0,0.0,0.0,0.0,5.74,0.8,10.8,195.75,21,335,1023.34,1020.7,1026.0,968.68,965.7,970.7,88.71,14,100,50.62,0,100,20.42,0,100,76.42,0,100
2024-03-18,7.55,3.5,12.5,5.53,1.4,10.4,83.42,67,100,4.8,1.5,7.6,0.08,0.0,1.1,0.08,0.0,1.1,0.0,0.0,0.0,5.16,1.6,12.2,194.25,8,360,1017.63,1015.4,1020.4,963.3,962.1,965.4,84.21,6,100,46.25,0,100,68.62,0,100,72.46,0,100
2024-03-19,7.57,2.7,13.5,5.59,0.3,11.8,83.96,57,100,4.72,2.7,7.2,0.01,0.0,0.1,0.01,0.0,0.1,0.0,0.0,0.0,4.78,1.4,7.4,209.92,47,360,1020.12,1019.4,1021.0,965.67,964.2,966.8,86.54,7,100,49.58,0,100,15.79,0,73,39.71,0,100
2024-03-20,9.38,3.0,15.7,7.09,0.1,14.1,73.25,47,93,4.36,2.1,7.2,0.0,0.0,0.0,0.0,0.0,0.0,0.0,0.0,0.0,6.66,1.1,10.1,169.96,90,196,1020.26,1019.1,1021.5,966.14,965.1,967.6,79.33,0,100,0.58,0,6,0.0,0,0,79.08,0,100
2024-03-21,9.77,6.1,13.9,6.63,3.2,10.4,76.08,53,87,5.62,3.9,8.2,0.1,0.0,1.3,0.1,0.0,1.3,0.0,0.0,0.0,13.9,8.4,20.9,265.67,187,319,1021.75,1019.7,1025.8,967.62,965.0,970.8,91.75,51,100,6.79,0,44,30.88,0,100,82.46,0,100
2024-03-22,9.97,4.0,15.7,7.32,1.1,12.8,71.38,46,93,4.56,2.9,6.4,0.0,0.0,0.0,0.0,0.0,0.0,0.0,0.0,0.0,9.27,4.2,13.7,247.04,203,290,1019.3,1012.4,1025.9,965.33,958.6,970.7,84.08,18,100,3.46,0,48,51.58,1,100,50.54,0,100
2024-03-23,6.9,2.3,9.6,2.43,-2.5,6.2,75.25,51,92,2.72,-1.8,7.6,0.15,0.0,1.3,0.14,0.0,1.3,0.01,0.0,0.14,19.33,10.2,28.1,253.67,207,288,1010.54,1007.0,1012.4,956.48,953.6,958.5,62.75,1,100,39.54,1,100,45.79,0,100,5.21,0,70
2024-03-24,3.2,1.3,5.2,-2.18,-3.5,-0.4,82.21,68,92,0.39,-1.1,1.5,0.25,0.0,2.1,0.12,0.0,0.5,0.09,0.0,1.12,22.63,12.6,29.7,254.92,227,264,1009.14,1007.8,1011.8,954.45,953.4,956.8,86.92,29,100,66.21,8,100,47.83,0,100,20.38,0,98
2024-03-25,4.31,1.2,9.2,0.1,-3.3,6.2,71.0,41,95,-1.04,-3.9,1.0,0.0,0.0,0.1,0.0,0.0,0.1,0.0,0.0,0.0,13.1,3.3,21.0,203.46,83,271,1007.84,1003.4,1011.4,953.43,949.0,956.5,65.0,0,100,48.21,0,100,2.92,0,34,28.79,0,99
2024-03-26,6.9,0.0,14.4,3.2,-3.9,11.0,61.17,38,78,-0.47,-3.9,3.0,0.0,0.0,0.0,0.0,0.0,0.0,0.0,0.0,0.0,10.87,8.2,14.2,108.71,92,142,995.74,990.1,1002.8,942.46,937.0,948.3,61.08,0,100,0.0,0,0,1.88,0,42,61.04,0,100
2024-03-27,8.65,3.5,18.1,5.26,-0.4,16.1,74.25,49,97,3.94,1.1,7.3,0.34,0.0,2.3,0.34,0.0,2.3,0.0,0.0,0.0,13.66,5.4,22.7,195.83,99,281,987.92,983.9,992.8,935.38,933.1,939.1,93.96,37,100,27.17,0,100,40.08,0,100,92.17,9,100
2024-03-28,6.06,1.8,10.0,1.79,-1.6,5.1,73.08,43,95,1.17,-2.1,3.8,0.08,0.0,0.4,0.08,0.0,0.4,0.0,0.0,0.0,15.99,8.9,26.3,216.67,163,253,995.02,991.4,1002.6,941.64,937.6,948.6,53.58,0,100,7.92,0,98,46.12,0,100,46.88,0,100
2024-03-29,8.97,3.8,15.7,5.68,-0.6,14.1,65.71,53,85,2.74,-2.4,7.3,0.1,0.0,1.3,0.1,0.0,1.3,0.0,0.0,0.0,11.58,5.1,17.2,140.33,51,195,1001.03,998.9,1003.2,947.86,946.6,949.3,94.96,70,100,0.08,0,1,53.79,0,100,87.62,27,100
2024-03-30,13.68,7.7,21.3,10.69,4.8,18.3,57.21,29,84,4.54,2.3,7.1,0.0,0.0,0.0,0.0,0.0,0.0,0.0,0.0,0.0,12.21,5.8,17.0,204.58,157,338,998.98,996.3,1001.0,946.76,944.9,947.6,77.83,11,100,0.0,0,0,13.12,0,83,77.21,11,100
2024-03-31,11.87,5.8,17.8,10.04,3.7,16.7,73.88,49,96,6.99,5.3,9.1,0.01,0.0,0.2,0.01,0.0,0.2,0.0,0.0,0.0,7.96,1.1,14.3,174.38,4,351,998.53,996.0,1001.2,946.01,943.9,947.9,79.21,0,100,0.04,0,1,24.38,0,100,78.88,0,100
2024-04-01,9.5,5.8,12.5,5.81,2.4,9.4,71.96,54,90,4.55,3.0,8.2,0.09,0.0,0.8,0.09,0.0,0.8,0.0,0.0,0.0,16.22,6.9,29.4,212.71,131,266,998.78,991.0,1006.3,945.81,938.9,952.4,95.04,51,100,33.79,0,100,72.5,0,100,82.79,14,100
2024-04-02,7.95,5.4,11.5,3.45,1.3,5.8,70.88,48,86,2.77,1.0,4.1,0.03,0.0,0.3,0.03,0.0,0.3,0.0,0.0,0.0,19.33,12.2,27.2,247.71,231,259,1011.45,1006.8,1013.7,957.54,952.9,959.5,51.25,0,100,38.96,0,100,13.75,0,100,16.12,0,100
2024-04-03,8.68,6.0,11.7,5.27,2.3,8.5,74.29,60,90,4.22,1.2,7.3,0.12,0.0,0.6,0.12,0.0,0.6,0.0,0.0,0.0,13.96,8.0,20.9,218.17,186,236,1011.56,1010.2,1013.8,957.77,956.6,959.4,90.92,18,100,33.5,0,100,75.0,2,100,68.46,0,100
2024-04-04,10.82,8.9,14.2,7.5,5.3,9.9,84.29,62,94,8.17,7.0,9.2,0.25,0.0,1.2,0.25,0.0,1.2,0.0,0.0,0.0,19.23,13.2,27.7,239.71,221,262,1014.18,1013.2,1017.3,960.65,959.4,963.4,85.58,30,100,38.54,2,100,49.79,2,100,59.29,0,100
2024-04-05,14.22,8.7,20.9,12.09,6.4,18.4,72.67,43,94,8.73,7.2,11.2,0.03,0.0,0.3,0.03,0.0,0.3,0.0,0.0,0.0,12.65,7.2,22.1,216.62,180,263,1016.3,1013.8,1017.5,963.27,961.9,964.0,95.08,31,100,3.58,0,34,62.17,1,100,82.04,0,100
2024-04-06,17.18,11.6,24.4,15.21,9.3,22.9,55.12,35,73,7.59,5.4,9.9,0.0,0.0,0.0,0.0,0.0,0.0,0.0,0.0,0.0,10.19,8.7,11.8,208.29,180,240,1016.91,1015.1,1018.3,964.38,963.4,966.2,82.25,2,100,0.0,0,0,12.96,0,59,80.83,2,100
2024-04-07,17.12,12.1,22.2,15.38,9.0,22.0,58.62,45,74,8.72,5.5,14.0,0.0,0.0,0.0,0.0,0.0,0.0,0.0,0.0,0.0,10.72,4.9,17.1,193.21,87,277,1016.89,1013.8,1019.4,964.34,961.2,967.3,91.58,24,100,0.0,0,0,1.58,0,20,91.54,24,100
2024-04-08,18.96,11.9,25.9,17.68,10.5,25.8,52.38,33,76,8.56,5.9,12.6,0.0,0.0,0.0,0.0,0.0,0.0,0.0,0.0,0.0,7.32,1.1,14.4,177.5,81,297,1011.0,1007.9,1012.8,959.06,955.7,961.1,60.54,9,100,0.0,0,0,16.71,0,75,54.71,0,100
2024-04-09,12.06,7.2,16.7,8.77,3.5,14.8,69.21,57,78,6.52,2.7,11.5,0.08,0.0,1.1,0.08,0.0,1.1,0.0,0.0,0.0,16.88,8.6,25.8,233.71,134,281,1013.65,1006.2,1023.5,960.37,953.7,968.8,93.88,43,100,19.58,0,100,52.62,0,100,89.12,40,100
2024-04-10,8.64,6.1,11.9,5.65,2.6,9.6,67.29,49,81,2.7,1.6,3.7,0.0,0.0,0.0,0.0,0.0,0.0,0.0,0.0,0.0,8.83,2.9,14.7,236.88,13,360,1028.65,1023.8,1033.0,973.95,969.1,977.7,89.25,6,100,49.38,0,100,72.0,0,100,72.96,0,100
2024-04-11,10.06,3.3,16.1,8.27,0.3,15.7,68.92,48,88,4.2,1.4,8.5,0.0,0.0,0.0,0.0,0.0,0.0,0.0,0.0,0.0,4.21,0.4,9.7,239.33,56,360,1033.4,1032.2,1034.5,978.7,977.0,980.3,31.12,0,100,6.75,0,86,0.0,0,0,24.46,0,100
2024-04-12,12.51,5.1,18.9,10.6,2.4,17.9,66.21,44,92,5.92,3.4,7.9,0.0,0.0,0.0,0.0,0.0,0.0,0.0,0.0,0.0,7.35,2.7,9.8,246.46,23,343,1032.34,1030.2,1034.4,978.15,976.4,979.9,56.75,0,100,0.0,0,0,4.54,0,58,53.88,0,100
2024-04-13,14.67,7.6,21.7,13.53,5.9,21.4,70.79,48,89,8.97,5.9,12.1,0.0,0.0,0.0,0.0,0.0,0.0,0.0,0.0,0.0,7.09,4.0,11.5,232.54,196,270,1027.23,1022.8,1030.6,973.7,969.2,976.3,87.0,43,100,0.0,0,0,0.0,0,0,87.0,43,100
2024-04-14,16.31,12.7,21.1,14.37,10.3,19.5,64.96,50,83,9.53,6.9,11.6,0.0,0.0,0.0,0.0,0.0,0.0,0.0,0.0,0.0,13.26,6.6,21.3,261.04,234,282,1020.34,1015.7,1023.0,967.48,962.5,969.7,94.58,48,100,1.17,0,18,3.79,0,54,94.54,48,100
2024-04-15,11.59,5.0,14.5,8.54,-0.1,11.4,79.46,55,97,7.93,2.0,11.2,0.22,0.0,1.6,0.22,0.0,1.6,0.0,0.0,0.0,17.75,7.3,36.5,261.92,228,287,1010.18,1004.8,1015.1,957.0,952.0,961.7,87.83,45,100,33.21,0,100,61.79,6,100,56.5,0,100
2024-04-16,5.41,2.8,8.6,-0.02,-2.5,2.0,80.25,64,97,2.16,0.5,4.2,0.38,0.0,2.1,0.33,0.0,2.1,0.03,0.0,0.35,25.16,14.1,40.0,258.83,239,285,1007.33,1004.5,1009.5,953.17,951.1,955.1,83.29,25,100,56.29,11,100,55.21,8,100,32.96,0,100
2024-04-17,5.11,1.9,8.5,1.56,-1.5,4.2,78.04,55,96,1.31,-1.3,3.6,0.15,0.0,1.0,0.14,0.0,0.9,0.01,0.0,0.14,11.21,7.0,15.3,297.67,270,319,1009.47,1008.1,1011.7,955.13,953.7,956.6,91.0,15,100,48.71,2,100,69.0,1,100,82.21,0,100
2024-04-18,3.82,1.1,9.5,0.57,-2.2,7.0,82.33,53,99,0.9,0.1,2.1,0.1,0.0,1.2,0.06,0.0,0.6,0.03,0.0,0.42,8.89,5.4,17.7,289.88,4,343,1016.2,1012.1,1020.0,961.25,956.9,964.6,76.83,10,100,51.75,3,100,36.5,3,99,57.83,0,100
2024-04-19,3.41,2.1,5.1,-1.52,-3.3,-0.4,89.42,77,99,1.78,-0.1,3.8,0.39,0.0,1.7,0.38,0.0,1.5,0.01,0.0,0.14,21.02,11.8,31.4,248.96,234,282,1013.76,1008.4,1020.2,958.87,953.7,964.7,95.83,17,100,54.75,0,100,84.29,4,100,54.25,0,100
2024-04-20,4.37,1.9,7.8,-0.12,-2.2,3.3,77.21,46,94,0.36,-3.1,1.9,0.03,0.0,0.2,0.03,0.0,0.2,0.0,0.0,0.0,16.86,8.8,21.7,299.29,261,328,1016.87,1011.1,1020.8,962.0,956.2,965.5,91.71,39,100,66.0,9,100,53.71,3,100,22.04,0,98
2024-04-21,3.06,1.3,5.8,-0.77,-2.4,2.7,86.33,69,100,0.88,-0.6,2.0,0.27,0.0,0.9,0.2,0.0,0.4,0.06,0.0,0.49,12.44,7.6,17.6,172.12,5,311,1019.07,1017.5,1022.3,963.81,962.2,966.8,99.75,97,100,76.75,2,100,92.25,37,100,87.46,5,100
2024-04-22,2.92,-1.9,6.6,-1.22,-5.9,3.0,68.29,47,90,-2.65,-3.8,-1.2,0.03,0.0,0.2,0.03,0.0,0.2,0.0,0.0,0.07,11.61,8.9,13.4,45.46,29,66,1021.51,1019.8,1023.3,966.1,964.6,967.2,57.17,0,100,21.29,0,92,27.62,0,95,27.96,0,100
2024-04-23,3.46,-1.7,7.4,-0.47,-6.3,3.7,66.25,50,81,-2.45,-5.1,1.1,0.0,0.0,0.0,0.0,0.0,0.0,0.0,0.0,0.0,10.34,1.8,14.8,75.21,22,264,1017.45,1014.0,1020.8,962.35,959.1,964.9,73.12,1,100,38.33,0,100,56.08,0,100,12.17,0,95
2024-04-24,3.38,0.2,6.6,-1.06,-4.0,1.5,72.96,58,95,-1.15,-3.6,0.9,0.05,0.0,0.5,0.05,0.0,0.4,0.0,0.0,0.07,14.56,9.5,20.5,263.04,237,295,1010.37,1007.6,1013.8,955.65,953.3,958.6,55.54,0,100,33.79,0,98,42.46,0,100,1.46,0,11
2024-04-25,3.65,1.0,7.3,-0.34,-3.4,3.5,77.62,50,96,-0.13,-2.5,0.6,0.05,0.0,0.4,0.05,0.0,0.3,0.0,0.0,0.07,12.78,4.3,16.7,246.62,168,275,1009.07,1007.9,1010.2,954.48,953.6,955.6,78.08,5,100,56.38,0,100,34.79,0,96,27.5,0,89
2024-04-26,6.86,-0.7,12.7,3.62,-4.4,9.4,69.75,50,89,1.37,-2.4,5.4,0.01,0.0,0.1,0.01,0.0,0.1,0.0,0.0,0.0,9.65,4.1,15.9,194.71,157,241,1008.03,1007.2,1009.0,954.1,952.7,954.9,52.5,0,100,11.25,0,70,28.58,0,99,39.46,0,100
2024-04-27,11.25,2.5,18.5,8.67,-0.9,15.5,62.17,32,93,3.17,1.1,6.4,0.0,0.0,0.1,0.0,0.0,0.1,0.0,0.0,0.0,8.67,5.8,14.2,145.42,106,173,1009.35,1007.3,1011.0,956.15,954.6,958.0,23.96,0,96,0.0,0,0,9.0,0,58,17.83,0,96
2024-04-28,13.08,7.3,18.9,10.53,3.6,18.6,59.92,46,73,5.3,1.5,8.4,0.0,0.0,0.1,0.0,0.0,0.1,0.0,0.0,0.0,10.96,7.3,13.9,231.54,157,305,1013.28,1009.3,1020.3,960.2,955.6,966.4,81.79,3,100,0.54,0,10,47.54,0,100,62.29,3,100
2024-04-29,14.09,8.0,20.5,12.72,5.9,19.5,68.54,46,90,7.99,5.7,10.8,0.0,0.0,0.1,0.0,0.0,0.1,0.0,0.0,0.0,7.36,4.7,10.2,134.29,10,356,1020.64,1018.6,1022.6,967.35,965.3,969.1,81.46,3,100,7.33,0,47,25.46,0,100,74.21,0,100
2024-04-30,17.54,9.9,24.9,16.43,8.2,24.0,62.46,31,91,9.22,6.3,12.1,0.0,0.0,0.0,0.0,0.0,0.0,0.0,0.0,0.0,8.04,4.3,12.1,122.21,24,333,1014.47,1010.6,1018.3,962.1,958.2,964.7,47.67,0,100,0.0,0,0,10.71,0,100,40.88,0,100
2024-05-01,17.1,10.2,23.7,15.27,7.9,22.8,59.12,35,79,8.44,6.5,10.9,0.0,0.0,0.0,0.0,0.0,0.0,0.0,0.0,0.0,11.06,5.7,17.0,99.33,79,120,1005.77,1001.7,1010.3,953.79,949.5,957.6,48.25,0,100,0.0,0,0,0.38,0,3,47.92,0,100
2024-05-02,15.66,10.9,20.9,13.89,7.9,20.5,68.33,50,91,9.57,7.4,11.7,0.1,0.0,1.0,0.1,0.0,1.0,0.0,0.0,0.0,12.12,5.9,19.5,159.25,92,265,1000.52,998.1,1006.3,948.58,946.9,953.2,72.96,0,100,14.96,0,99,15.58,0,60,64.17,0,100
2024-05-03,11.0,9.2,13.6,7.7,6.1,9.5,74.38,56,91,6.48,4.4,9.1,0.01,0.0,0.1,0.01,0.0,0.1,0.0,0.0,0.0,16.38,6.6,22.9,263.88,238,285,1013.0,1007.4,1017.3,959.56,954.2,963.4,93.25,34,100,67.21,0,100,36.38,0,100,63.88,0,100
2024-05-04,12.07,5.6,17.2,10.11,3.9,14.8,70.75,50,97,6.54,5.2,7.5,0.0,0.0,0.0,0.0,0.0,0.0,0.0,0.0,0.0,7.31,2.0,11.7,177.88,84,273,1015.37,1012.3,1017.8,961.99,959.2,964.0,74.12,16,100,22.25,0,100,41.75,1,100,44.08,0,100
2024-05-05,13.28,10.2,16.5,11.28,8.6,14.1,79.33,68,93,9.71,6.8,11.0,0.32,0.0,3.2,0.32,0.0,3.2,0.0,0.0,0.0,13.17,3.3,20.4,224.33,162,270,1011.42,1010.2,1012.5,958.48,957.1,959.6,88.46,50,100,9.71,0,44,53.17,0,100,63.62,0,100
2024-05-06,13.23,10.3,18.2,11.78,8.4,16.8,84.5,60,96,10.46,9.1,11.9,0.5,0.0,4.4,0.5,0.0,4.4,0.0,0.0,0.0,11.19,4.8,16.5,229.04,153,270,1009.35,1007.5,1012.6,956.5,955.3,959.1,96.21,39,100,24.38,0,100,81.21,16,100,80.71,16,100
2024-05-07,11.42,9.0,14.7,8.93,6.5,13.0,84.62,74,96,8.86,7.8,10.4,0.08,0.0,0.7,0.08,0.0,0.7,0.0,0.0,0.0,14.75,11.4,19.2,172.38,7,334,1015.57,1012.9,1020.4,962.08,959.3,966.4,98.71,76,100,54.12,1,100,61.17,1,100,90.29,14,100
2024-05-08,10.45,8.4,12.8,8.24,6.4,10.4,82.17,71,95,7.49,7.0,7.7,0.03,0.0,0.1,0.03,0.0,0.1,0.0,0.0,0.0,10.58,6.1,14.3,55.88,5,357,1023.51,1020.4,1026.3,969.42,966.3,972.0,93.17,21,100,74.33,1,100,82.29,0,100,55.75,0,100
2024-05-09,12.51,6.8,17.4,10.46,4.4,15.3,68.17,44,93,6.26,5.1,8.8,0.0,0.0,0.0,0.0,0.0,0.0,0.0,0.0,0.0,7.89,4.6,11.5,48.88,3,360,1025.16,1022.9,1027.5,971.35,969.3,973.0,45.17,0,100,35.04,0,100,25.46,0,92,0.33,0,8
2024-05-10,13.59,6.7,19.0,11.85,4.3,17.3,65.29,42,90,6.6,4.9,8.5,0.0,0.0,0.0,0.0,0.0,0.0,0.0,0.0,0.0,6.96,4.2,10.1,85.67,3,360,1022.38,1021.0,1023.8,968.91,967.8,970.1,51.29,0,100,2.33,0,15,34.71,0,100,18.38,0,100
2024-05-11,14.9,8.2,21.4,13.32,5.9,20.3,62.96,36,85,7.22,5.5,9.9,0.0,0.0,0.0,0.0,0.0,0.0,0.0,0.0,0.0,7.58,4.4,12.9,94.25,60,143,1020.6,1018.9,1022.1,967.46,966.3,968.7,57.67,0,100,3.62,0,18,9.96,0,57,53.62,0,100
2024-05-12,15.79,9.1,21.6,14.3,7.5,19.9,63.96,40,86,8.37,7.0,11.4,0.0,0.0,0.0,0.0,0.0,0.0,0.0,0.0,0.0,8.23,5.0,10.9,96.29,62,120,1017.73,1015.2,1019.9,964.9,963.1,966.4,13.58,0,47,1.58,0,13,12.54,0,47,0.25,0,4
2024-05-13,16.41,10.5,22.4,15.23,8.6,21.8,63.75,38,84,8.95,7.3,10.9,0.0,0.0,0.0,0.0,0.0,0.0,0.0,0.0,0.0,8.19,4.6,12.2,121.54,85,169,1013.74,1011.0,1016.8,961.24,958.3,963.6,8.46,0,29,0.83,0,8,7.88,0,25,0.0,0,0
2024-05-14,16.97,10.5,22.9,14.97,8.8,21.0,60.58,34,93,8.43,5.6,11.7,0.0,0.0,0.0,0.0,0.0,0.0,0.0,0.0,0.0,12.85,7.6,18.3,96.79,82,114,1008.38,1006.0,1011.2,956.24,954.3,958.2,4.96,0,22,0.17,0,4,4.88,0,20,0.0,0,0
2024-05-15,17.03,11.4,22.9,15.65,8.8,22.6,58.58,36,74,8.49,6.6,12.3,0.01,0.0,0.2,0.01,0.0,0.2,0.0,0.0,0.0,8.46,3.1,14.5,106.46,60,167,1005.54,1004.3,1006.6,953.55,952.6,954.9,84.83,0,100,0.58,0,7,31.5,0,100,83.42,0,100
2024-05-16,15.28,11.9,21.6,14.56,11.1,21.9,77.54,51,96,11.14,8.1,12.6,0.34,0.0,4.5,0.34,0.0,4.5,0.0,0.0,0.0,8.65,2.5,14.1,129.46,8,270,1005.24,1003.5,1006.9,952.99,951.0,954.6,88.33,22,100,15.25,0,100,41.92,5,100,73.83,3,100
2024-05-17,11.6,10.0,12.8,8.88,6.7,11.3,84.88,74,96,9.08,7.3,11.4,0.5,0.0,1.6,0.5,0.0,1.6,0.0,0.0,0.0,16.97,5.1,26.1,190.0,29,352,1005.58,1002.5,1009.6,952.65,949.8,956.2,100.0,100,100,80.96,4,100,91.54,14,100,92.83,39,100
2024-05-18,13.15,10.2,17.2,10.7,6.9,15.5,78.79,58,92,9.31,8.2,11.9,0.35,0.0,3.1,0.35,0.0,3.1,0.0,0.0,0.0,15.66,4.4,24.5,259.5,227,305,1010.79,1009.3,1011.9,957.86,955.9,959.1,84.38,25,100,53.38,0,100,57.88,4,100,49.96,0,97
2024-05-19,14.15,9.4,18.3,12.36,7.4,16.9,73.12,52,93,9.02,8.0,10.8,0.04,0.0,0.2,0.04,0.0,0.2,0.0,0.0,0.0,11.18,5.8,17.2,246.17,218,286,1011.48,1010.1,1012.7,958.68,957.8,959.6,30.58,0,100,14.25,0,100,19.42,0,98,11.33,0,100
2024-05-20,15.52,7.8,21.6,14.8,6.1,21.9,70.46,45,100,9.48,7.7,11.6,0.0,0.0,0.1,0.0,0.0,0.1,0.0,0.0,0.0,6.05,0.7,10.2,148.62,39,270,1010.47,1008.4,1012.0,957.96,956.4,959.4,54.79,0,100,7.92,0,100,4.75,0,19,45.21,0,100
2024-05-21,14.54,12.3,17.8,13.44,10.3,17.2,84.75,73,94,11.95,9.5,14.0,0.31,0.0,1.4,0.31,0.0,1.4,0.0,0.0,0.0,11.57,5.2,17.3,152.33,46,265,1006.51,1005.0,1008.9,954.05,953.1,956.1,100.0,100,100,13.04,0,52,78.67,2,100,98.62,76,100
2024-05-22,14.42,11.6,17.9,12.28,9.7,15.5,76.38,54,93,10.02,8.3,11.2,0.06,0.0,0.4,0.06,0.0,0.4,0.0,0.0,0.0,15.42,8.5,21.9,257.88,235,283,1011.18,1008.0,1015.3,958.45,955.1,961.9,67.08,7,100,14.29,0,38,42.17,1,100,58.54,0,100
2024-05-23,14.15,9.0,20.0,13.36,7.7,19.8,78.75,47,95,10.13,8.1,11.9,0.22,0.0,3.6,0.22,0.0,3.6,0.0,0.0,0.0,7.12,4.1,13.6,245.83,5,338,1015.93,1014.2,1017.7,962.91,961.8,964.2,63.04,0,100,5.29,0,34,31.29,0,98,60.71,0,100
2024-05-24,13.55,10.7,17.4,12.93,9.8,17.5,84.12,61,98,10.71,9.6,11.7,0.19,0.0,1.7,0.19,0.0,1.7,0.0,0.0,0.0,5.72,1.8,11.6,241.62,165,294,1017.6,1016.0,1018.5,964.39,963.5,965.2,83.67,20,100,60.71,0,100,30.08,0,99,65.46,9,100
2024-05-25,14.13,8.2,18.9,13.52,6.5,19.4,77.12,51,98,9.77,7.8,12.6,0.03,0.0,0.2,0.03,0.0,0.2,0.0,0.0,0.0,4.57,1.3,8.0,196.04,56,360,1018.03,1016.8,1019.0,964.89,964.0,965.5,57.54,2,100,12.38,0,100,21.96,0,100,43.21,0,100
2024-05-26,16.1,9.5,21.2,15.55,8.3,21.4,72.12,46,98,10.44,9.0,12.5,0.0,0.0,0.1,0.0,0.0,0.1,0.0,0.0,0.0,6.5,2.9,10.8,194.58,148,291,1018.1,1016.8,1019.2,965.3,964.2,966.6,57.33,0,100,1.75,0,18,27.58,0,100,53.25,0,100
2024-05-27,15.67,13.0,20.1,15.62,12.5,20.9,82.38,62,95,12.51,10.2,13.7,0.35,0.0,4.7,0.35,0.0,4.7,0.0,0.0,0.0,6.49,2.2,11.2,246.17,90,360,1018.07,1015.6,1019.7,965.21,963.5,966.7,86.75,11,100,9.25,0,46,66.5,2,100,84.12,3,100
2024-05-28,13.65,10.0,17.0,11.32,7.9,14.8,69.25,42,93,7.55,3.8,12.1,0.04,0.0,0.3,0.04,0.0,0.3,0.0,0.0,0.0,13.05,1.5,19.0,266.25,180,287,1019.46,1018.0,1020.7,966.16,964.7,967.4,66.0,1,100,18.17,0,70,48.04,0,100,29.71,0,100
2024-05-29,13.95,10.0,18.5,12.5,7.5,16.2,76.08,53,96,9.63,6.0,12.9,0.11,0.0,1.1,0.11,0.0,1.1,0.0,0.0,0.0,9.68,4.1,17.1,215.5,174,268,1014.65,1011.1,1019.0,961.65,958.1,965.1,95.5,38,100,17.67,0,100,76.0,28,100,78.38,0,100
2024-05-30,14.6,11.8,18.7,13.22,10.2,17.3,80.0,54,96,10.89,9.0,12.2,0.62,0.0,5.4,0.62,0.0,5.4,0.0,0.0,0.0,12.2,3.1,22.0,237.42,162,284,1006.3,1004.1,1010.6,953.86,952.4,957.7,81.08,14,100,40.96,0,100,41.12,0,100,62.29,0,100
2024-05-31,11.86,10.7,12.8,10.13,9.3,11.2,93.33,88,97,10.83,9.8,11.7,0.93,0.0,2.8,0.93,0.0,2.8,0.0,0.0,0.0,13.5,9.1,19.7,316.0,253,349,1008.47,1007.1,1009.9,955.43,954.0,956.8,100.0,100,100,82.5,4,100,95.67,35,100,96.33,14,100
2024-06-01,13.05,11.7,14.9,11.08,9.0,13.1,94.33,88,97,12.17,11.0,13.0,1.24,0.1,3.8,1.24,0.1,3.8,0.0,0.0,0.0,18.05,15.0,21.8,299.33,280,320,1012.07,1009.5,1015.9,959.06,956.4,962.7,100.0,100,100,97.08,62,100,78.33,19,100,99.42,94,100
2024-06-02,15.54,13.2,19.4,15.32,12.2,19.3,87.17,67,98,13.27,12.2,14.1,0.35,0.0,4.6,0.35,0.0,4.6,0.0,0.0,0.0,8.4,6.0,13.6,256.08,13,351,1017.2,1016.0,1018.2,964.37,962.8,965.4,99.96,99,100,66.96,0,100,29.75,0,100,57.12,0,100
2024-06-03,14.12,11.5,16.6,12.83,10.3,15.3,82.54,68,98,11.05,8.8,12.3,0.05,0.0,0.4,0.05,0.0,0.4,0.0,0.0,0.0,10.85,4.6,13.4,290.42,3,360,1017.52,1016.9,1018.2,964.42,964.0,964.9,97.08,58,100,88.71,38,100,2.71,0,19,60.04,0,100
2024-06-04,15.28,8.9,19.6,14.33,7.6,18.8,71.75,53,96,9.8,8.2,13.1,0.0,0.0,0.0,0.0,0.0,0.0,0.0,0.0,0.0,6.22,2.5,8.9,242.83,171,299,1014.83,1012.0,1017.6,962.07,959.5,964.2,45.08,0,100,39.71,0,100,11.25,0,65,0.25,0,6
2024-06-05,16.06,11.7,20.0,15.02,10.4,18.5,76.42,56,91,11.72,10.0,13.3,0.02,0.0,0.3,0.02,0.0,0.3,0.0,0.0,0.0,10.89,5.6,18.9,249.92,220,280,1013.81,1012.2,1016.3,961.23,959.0,963.2,60.46,1,100,9.83,0,31,45.42,0,100,23.54,0,100
2024-06-06,17.06,12.2,21.8,16.69,12.0,21.9,74.04,51,92,12.1,10.9,13.5,0.05,0.0,0.2,0.05,0.0,0.2,0.0,0.0,0.0,8.2,2.4,14.2,235.92,72,297,1016.65,1015.1,1017.6,964.1,963.4,964.9,49.75,2,99,21.21,0,99,25.79,1,88,17.88,0,99
2024-06-07,16.95,12.4,22.1,15.92,11.8,21.3,66.38,41,91,10.01,8.3,12.5,0.01,0.0,0.2,0.01,0.0,0.2,0.0,0.0,0.0,8.26,3.6,14.6,259.83,29,351,1017.66,1015.7,1019.3,965.05,964.0,966.9,50.12,0,100,41.21,0,100,25.79,0,63,0.0,0,0
2024-06-08,17.97,11.7,24.8,17.31,10.2,24.2,70.75,40,88,12.09,9.3,15.4,0.01,0.0,0.2,0.01,0.0,0.2,0.0,0.0,0.0,11.16,6.4,17.0,212.38,103,265,1012.66,1009.5,1017.2,960.47,957.7,963.9,51.83,0,100,3.42,0,20,36.21,0,100,50.62,0,100
2024-06-09,17.3,12.0,21.5,16.76,11.0,21.6,67.96,48,91,10.93,8.4,14.2,0.0,0.0,0.0,0.0,0.0,0.0,0.0,0.0,0.0,7.25,3.9,11.5,246.46,2,360,1008.52,1006.0,1011.0,956.45,954.4,958.6,72.71,0,100,14.12,0,95,25.96,0,100,70.38,0,100
2024-06-10,15.75,12.4,19.3,13.41,9.3,17.1,60.96,45,81,8.0,6.9,9.2,0.0,0.0,0.0,0.0,0.0,0.0,0.0,0.0,0.0,13.3,7.2,19.8,292.79,250,347,1007.54,1006.5,1010.5,955.25,953.9,957.5,61.29,0,100,23.46,0,96,41.38,0,100,31.71,0,100
2024-06-11,11.75,8.5,14.9,8.76,5.3,12.2,61.58,45,77,4.35,2.6,8.0,0.0,0.0,0.1,0.0,0.0,0.1,0.0,0.0,0.0,11.2,5.1,20.6,291.21,274,319,1015.19,1011.0,1017.8,961.78,957.8,964.0,83.96,4,100,33.83,0,100,69.38,1,100,26.12,0,100
2024-06-12,12.88,7.2,17.2,11.03,5.1,15.8,61.33,41,89,5.06,3.5,7.7,0.01,0.0,0.1,0.01,0.0,0.1,0.0,0.0,0.0,5.85,3.5,9.4,286.96,214,335,1017.78,1016.2,1018.7,964.44,963.5,965.4,54.25,0,100,7.38,0,53,49.54,0,100,14.33,0,90
2024-06-13,13.25,9.3,17.2,11.37,7.2,15.0,63.08,42,87,5.96,3.7,8.3,0.05,0.0,1.0,0.05,0.0,1.0,0.0,0.0,0.0,7.47,3.1,11.8,259.92,32,336,1017.96,1016.1,1019.4,964.67,962.6,966.0,59.88,5,100,7.58,0,33,36.29,0,100,24.96,0,100
2024-06-14,14.32,10.7,19.4,12.7,8.4,17.9,75.25,58,91,9.87,4.9,12.5,0.11,0.0,0.9,0.11,0.0,0.9,0.0,0.0,0.0,11.24,6.3,21.6,188.25,135,232,1013.11,1010.2,1015.6,960.26,957.5,962.1,83.83,22,100,18.96,0,96,59.33,2,100,61.58,0,100
2024-06-15,15.31,11.8,18.7,13.41,10.7,15.7,72.92,51,90,10.22,8.3,12.6,0.35,0.0,2.8,0.35,0.0,2.8,0.0,0.0,0.0,14.08,4.3,22.6,238.25,179,282,1009.82,1006.8,1012.2,957.33,954.2,959.0,73.88,12,100,17.62,0,100,48.92,1,100,56.83,0,100
2024-06-16,15.85,10.0,20.9,14.17,8.0,18.8,66.5,45,88,9.12,7.8,11.2,0.01,0.0,0.1,0.01,0.0,0.1,0.0,0.0,0.0,10.58,5.4,17.6,220.17,195,270,1011.62,1009.9,1013.2,959.12,958.3,960.5,50.21,2,100,7.79,0,44,34.17,0,100,25.5,0,100
2024-06-17,17.25,13.2,21.6,16.79,12.5,21.3,77.67,60,91,13.16,11.2,14.1,0.09,0.0,0.8,0.09,0.0,0.8,0.0,0.0,0.0,10.82,5.2,18.2,222.75,164,270,1014.76,1013.3,1016.8,962.36,960.3,964.0,76.08,2,100,3.88,0,27,46.38,0,100,65.08,0,100
2024-06-18,20.67,12.8,27.3,21.12,12.2,28.4,69.88,42,96,14.26,12.0,16.5,0.0,0.0,0.0,0.0,0.0,0.0,0.0,0.0,0.0,8.4,4.7,13.0,188.92,148,267,1014.27,1010.9,1017.0,962.47,959.9,964.1,82.67,0,100,0.17,0,2,2.96,0,19,82.33,0,100
2024-06-19,19.89,15.7,25.0,20.65,15.4,26.4,79.29,56,92,16.01,14.2,17.1,0.22,0.0,3.6,0.22,0.0,3.6,0.0,0.0,0.0,10.3,5.3,17.2,224.46,11,359,1015.34,1012.9,1020.3,963.35,960.5,967.3,62.08,2,100,11.12,0,92,40.92,0,100,23.04,0,99
2024-06-20,19.37,13.1,26.0,20.4,12.3,28.5,82.38,61,97,16.08,12.2,19.3,0.24,0.0,5.8,0.24,0.0,5.8,0.0,0.0,0.0,7.57,2.2,10.9,88.38,38,168,1018.92,1016.6,1021.2,966.66,964.4,967.8,90.92,19,100,9.21,0,72,14.71,0,84,89.96,14,100
2024-06-21,20.24,16.6,25.1,21.14,15.5,25.5,80.25,53,97,16.52,13.1,19.0,0.09,0.0,1.3,0.09,0.0,1.3,0.0,0.0,0.0,9.81,1.3,16.6,200.29,67,339,1014.18,1012.3,1016.4,962.31,960.4,964.1,91.58,45,100,12.79,0,100,25.42,0,100,87.5,41,100
2024-06-22,16.21,12.6,21.2,15.0,10.6,20.9,74.62,49,92,11.35,9.7,13.5,0.14,0.0,1.3,0.14,0.0,1.3,0.0,0.0,0.0,12.57,6.9,19.4,260.38,242,285,1015.34,1013.8,1017.5,962.7,962.0,964.2,67.75,0,100,28.79,0,100,45.96,0,100,43.46,0,100
2024-06-23,17.5,12.1,22.3,17.29,11.5,23.1,72.67,51,95,12.16,10.9,12.9,0.06,0.0,0.4,0.06,0.0,0.4,0.0,0.0,0.0,7.19,5.3,10.2,129.67,13,348,1018.25,1017.4,1019.5,965.69,964.1,966.8,52.38,9,100,34.75,0,100,32.71,0,100,6.54,0,71
2024-06-24,19.41,14.1,24.2,18.59,13.2,23.2,65.38,47,85,12.41,11.2,13.9,0.0,0.0,0.0,0.0,0.0,0.0,0.0,0.0,0.0,11.28,8.8,14.3,58.0,32,86,1018.31,1016.4,1019.9,966.1,964.4,967.2,32.33,0,100,18.25,0,100,23.17,0,94,2.79,0,20
2024-06-25,20.4,14.1,25.9,19.94,12.6,26.0,62.83,45,79,12.73,10.4,15.6,0.0,0.0,0.0,0.0,0.0,0.0,0.0,0.0,0.0,11.75,7.3,15.1,62.25,31,85,1013.94,1011.1,1017.3,962.11,959.7,964.6,4.46,0,52,3.88,0,52,0.96,0,8,0.0,0,0
2024-06-26,20.62,16.9,25.3,22.22,17.5,28.2,78.38,58,97,16.51,14.7,18.6,0.43,0.0,5.0,0.43,0.0,5.0,0.0,0.0,0.0,5.9,1.8,15.4,153.75,43,349,1010.65,1009.5,1011.6,959.04,958.2,959.8,61.33,0,100,15.29,0,100,9.0,0,47,55.33,0,99
2024-06-27,21.37,16.5,26.1,22.9,17.5,28.5,79.54,60,97,17.45,15.9,19.2,0.11,0.0,1.3,0.11,0.0,1.3,0.0,0.0,0.0,9.18,1.8,13.8,240.83,143,278,1011.12,1010.1,1013.2,959.61,957.9,961.3,37.54,6,100,6.88,0,38,10.08,0,38,25.88,0,99
2024-06-28,21.02,17.4,24.5,22.16,18.0,26.3,81.12,65,93,17.53,15.7,18.7,0.2,0.0,2.2,0.2,0.0,2.2,0.0,0.0,0.0,11.09,4.6,16.9,247.62,192,286,1015.94,1012.9,1018.3,964.12,960.7,966.0,47.0,0,100,15.75,0,100,13.21,0,73,29.08,0,100
2024-06-29,24.22,16.9,30.3,26.2,18.0,33.3,72.17,49,97,18.39,16.3,20.9,0.14,0.0,3.3,0.14,0.0,3.3,0.0,0.0,0.0,8.32,1.6,15.5,124.38,90,256,1012.85,1005.1,1018.4,961.73,954.4,965.8,75.54,1,100,4.46,0,53,8.92,0,71,69.58,0,100
2024-06-30,19.66,15.3,23.7,19.42,14.2,24.7,81.29,61,94,16.25,14.3,18.2,0.35,0.0,3.9,0.35,0.0,3.9,0.0,0.0,0.0,16.79,5.1,23.8,244.71,153,291,1009.41,1005.0,1014.6,957.7,954.0,961.9,86.71,13,100,30.62,0,100,64.79,1,100,51.42,0,100
2024-07-01,16.42,13.2,21.0,15.07,11.3,20.4,75.17,53,94,11.8,8.6,14.1,0.13,0.0,1.9,0.13,0.0,1.9,0.0,0.0,0.0,14.07,8.3,22.3,277.0,246,316,1014.62,1013.3,1016.3,962.08,961.3,963.1,71.71,12,100,37.75,0,100,32.75,0,98,40.92,0,100
2024-07-02,14.33,10.7,18.2,12.3,9.2,15.6,73.08,53,91,9.29,8.4,10.8,0.04,0.0,0.3,0.04,0.0,0.3,0.0,0.0,0.0,12.79,7.2,19.1,272.67,259,301,1015.32,1013.7,1016.9,962.36,960.7,963.6,69.5,3,100,35.0,0,100,61.17,3,100,32.46,0,100
2024-07-03,13.48,9.7,18.0,12.28,7.5,17.6,84.79,62,96,10.84,8.8,12.0,0.3,0.0,1.4,0.3,0.0,1.4,0.0,0.0,0.0,10.3,5.9,14.7,272.92,239,317,1011.52,1009.3,1013.7,958.61,957.3,960.5,81.75,8,100,45.25,2,100,72.67,2,100,38.38,0,100
2024-07-04,14.27,9.3,18.5,12.4,7.4,16.8,82.38,65,95,11.18,8.6,13.3,0.07,0.0,0.7,0.07,0.0,0.7,0.0,0.0,0.0,15.58,7.9,23.0,238.96,196,269,1011.53,1010.0,1014.0,958.76,958.0,961.0,54.62,1,100,19.29,0,95,44.33,0,100,6.96,0,50
2024-07-05,17.18,11.2,22.5,15.74,9.1,21.9,68.04,46,91,10.82,8.7,14.4,0.0,0.0,0.0,0.0,0.0,0.0,0.0,0.0,0.0,12.18,2.5,22.0,243.38,90,301,1013.7,1011.4,1015.4,961.32,958.7,962.8,62.5,1,100,25.25,0,100,13.75,0,73,49.5,0,100
2024-07-06,18.7,14.0,26.3,18.52,13.3,26.7,78.75,46,94,14.62,11.7,16.7,0.15,0.0,1.0,0.15,0.0,1.0,0.0,0.0,0.0,12.54,6.4,22.1,216.38,144,290,1008.46,1005.6,1011.8,956.62,955.2,959.2,83.79,0,100,8.33,0,53,40.5,0,100,79.5,0,100
2024-07-07,15.26,12.6,18.5,14.65,12.4,17.8,76.38,56,94,10.89,9.0,13.7,0.03,0.0,0.4,0.03,0.0,0.4,0.0,0.0,0.0,6.0,2.5,13.4,216.5,153,287,1015.56,1012.4,1017.2,962.76,959.7,964.1,84.29,3,100,16.5,0,100,67.38,1,100,72.71,0,100
2024-07-08,18.45,11.3,25.0,18.48,10.3,25.5,68.96,39,96,11.88,10.2,13.8,0.0,0.0,0.0,0.0,0.0,0.0,0.0,0.0,0.0,6.48,1.6,12.5,167.38,132,204,1017.82,1016.4,1018.7,965.45,963.9,966.8,48.38,0,100,3.71,0,28,7.92,0,64,41.08,0,100
2024-07-09,22.67,15.4,29.2,23.97,15.7,31.6,68.33,45,93,15.95,13.2,18.6,0.0,0.0,0.0,0.0,0.0,0.0,0.0,0.0,0.0,7.77,5.1,10.0,138.79,114,173,1016.65,1014.0,1018.7,965.08,963.2,966.6,22.83,0,100,0.0,0,0,0.67,0,4,22.5,0,100
2024-07-10,21.49,18.8,26.9,23.02,20.0,28.6,78.04,53,93,17.32,16.0,18.1,0.36,0.0,4.7,0.36,0.0,4.7,0.0,0.0,0.0,7.95,1.0,12.2,234.04,126,315,1016.62,1014.6,1018.6,964.85,962.5,966.6,79.04,13,100,2.71,0,37,39.29,0,95,70.42,13,100
2024-07-11,21.05,16.7,24.9,22.6,17.5,27.2,77.88,56,99,16.73,15.4,17.9,0.56,0.0,8.0,0.56,0.0,8.0,0.0,0.0,0.0,6.88,2.2,13.1,227.33,5,351,1017.3,1015.7,1018.8,965.41,963.5,966.5,49.5,9,100,19.0,0,100,15.88,2,62,26.92,0,100
2024-07-12,20.5,17.5,25.4,21.42,17.8,26.8,81.04,61,94,16.95,15.9,19.3,0.23,0.0,1.5,0.23,0.0,1.5,0.0,0.0,0.0,10.58,5.3,15.8,209.54,62,290,1011.68,1009.2,1015.4,959.99,958.3,963.1,97.96,76,100,8.21,0,61,30.0,0,100,96.0,63,100
2024-07-13,17.17,14.0,20.5,16.51,13.8,20.0,73.38,52,95,11.95,9.8,15.7,0.15,0.0,1.6,0.15,0.0,1.6,0.0,0.0,0.0,8.99,4.2,15.3,264.75,241,285,1013.83,1012.1,1014.9,961.47,959.7,962.6,67.04,12,100,39.62,1,100,31.67,1,99,37.62,0,100
2024-07-14,18.41,11.4,24.0,18.23,10.5,23.6,66.67,39,94,11.39,8.9,14.8,0.01,0.0,0.1,0.01,0.0,0.1,0.0,0.0,0.0,5.76,1.8,11.1,196.71,10,328,1014.47,1013.5,1015.3,962.27,961.0,963.2,44.75,0,100,2.29,0,11,28.54,0,100,24.33,0,100
2024-07-15,21.92,13.0,29.2,22.85,12.8,30.5,65.67,41,94,14.35,12.1,18.7,0.07,0.0,1.6,0.07,0.0,1.6,0.0,0.0,0.0,6.07,2.3,23.7,177.17,106,256,1012.52,1009.4,1014.6,961.01,958.2,962.6,49.33,0,100,0.08,0,2,10.17,0,100,47.17,0,100
2024-07-16,20.3,16.1,24.3,20.4,15.7,25.4,73.21,56,93,15.12,12.6,18.1,0.27,0.0,3.7,0.27,0.0,3.7,0.0,0.0,0.0,12.51,5.8,17.7,260.12,227,278,1014.88,1011.9,1019.0,962.99,960.0,966.2,39.58,1,100,3.79,0,13,16.29,0,99,32.54,0,100
2024-07-17,19.07,14.0,23.3,18.46,13.2,23.0,64.75,43,87,11.82,9.9,13.1,0.0,0.0,0.0,0.0,0.0,0.0,0.0,0.0,0.0,9.07,5.7,12.6,256.29,12,333,1020.97,1019.2,1023.1,968.55,966.0,970.1,44.92,0,100,9.83,0,94,21.25,0,94,26.96,0,100
2024-07-18,20.36,13.8,25.9,20.31,13.1,26.3,63.42,41,87,12.6,11.6,15.4,0.0,0.0,0.0,0.0,0.0,0.0,0.0,0.0,0.0,7.28,3.5,9.6,72.67,5,346,1021.88,1020.4,1023.1,969.64,968.4,970.7,64.04,0,100,1.79,0,10,9.46,0,88,58.0,0,100
2024-07-19,22.38,15.7,28.1,22.98,15.7,29.6,61.29,40,85,14.02,12.8,16.6,0.0,0.0,0.0,0.0,0.0,0.0,0.0,0.0,0.0,6.08,2.6,9.3,76.75,30,247,1018.51,1015.9,1021.0,966.77,964.0,968.3,66.83,0,100,1.88,0,25,25.29,0,100,52.46,0,100
2024-07-20,22.72,17.4,27.2,24.38,18.6,30.8,70.12,55,88,16.76,14.9,18.1,0.03,0.0,0.2,0.03,0.0,0.2,0.0,0.0,0.0,6.08,3.4,9.0,156.25,5,327,1011.85,1009.2,1015.2,960.51,958.0,963.1,31.5,0,100,2.38,0,12,11.38,0,28,21.62,0,100
2024-07-21,22.24,17.8,27.7,24.02,18.9,30.1,75.25,50,90,17.37,16.0,19.1,0.02,0.0,0.5,0.02,0.0,0.5,0.0,0.0,0.0,6.72,1.5,10.4,218.42,146,295,1009.44,1008.1,1012.5,958.15,956.4,960.6,62.21,1,100,1.42,0,22,21.46,0,97,47.54,0,100
2024-07-22,20.31,17.5,23.7,20.69,16.9,24.5,76.04,57,92,15.72,12.5,17.6,0.55,0.0,5.7,0.55,0.0,5.7,0.0,0.0,0.0,11.58,5.6,15.6,282.79,255,324,1016.37,1013.1,1019.8,964.4,961.1,967.2,58.25,17,100,19.29,0,92,29.75,0,93,31.5,0,100
2024-07-23,19.38,15.4,24.1,18.54,14.3,23.7,69.71,48,95,13.31,10.7,16.2,0.16,0.0,3.1,0.16,0.0,3.1,0.0,0.0,0.0,14.02,9.4,17.7,261.67,249,287,1018.92,1017.0,1020.2,966.67,965.3,967.8,80.0,21,100,41.96,0,100,26.25,0,100,41.5,0,100
2024-07-24,17.58,14.4,20.8,16.87,14.1,19.7,76.33,57,97,13.05,11.3,15.8,0.03,0.0,0.2,0.03,0.0,0.2,0.0,0.0,0.0,11.8,6.6,15.9,289.5,270,308,1019.13,1018.0,1020.1,966.56,965.8,967.4,68.92,19,100,43.29,0,100,18.08,0,59,25.08,0,100
2024-07-25,18.59,12.0,23.8,18.68,11.4,24.3,65.21,42,91,11.31,10.2,13.1,0.0,0.0,0.0,0.0,0.0,0.0,0.0,0.0,0.0,3.86,1.0,7.9,202.67,16,360,1015.87,1013.1,1019.0,963.63,961.2,965.8,56.21,0,100,6.67,0,49,7.5,0,57,50.92,0,100
2024-07-26,20.34,14.7,25.6,20.23,13.6,26.0,64.96,44,79,13.17,10.9,14.8,0.0,0.0,0.0,0.0,0.0,0.0,0.0,0.0,0.0,8.99,3.2,14.5,242.75,169,292,1012.92,1012.1,1014.0,961.13,959.4,962.2,73.83,10,100,8.17,0,97,14.79,0,82,63.62,3,100
2024-07-27,21.38,16.0,27.7,22.69,16.5,29.8,74.46,46,91,16.25,14.5,18.8,0.22,0.0,1.0,0.22,0.0,1.0,0.0,0.0,0.0,6.95,0.4,12.0,249.71,97,360,1014.58,1013.2,1016.5,962.88,960.7,964.3,86.71,24,100,4.38,0,39,52.38,4,100,79.71,2,100
2024-07-28,19.1,15.8,22.3,18.75,14.6,22.0,69.88,46,94,12.95,10.1,17.5,0.06,0.0,0.4,0.06,0.0,0.4,0.0,0.0,0.0,11.44,4.9,16.3,291.58,6,350,1022.77,1016.9,1025.5,970.26,964.5,973.3,41.96,0,100,22.58,0,100,27.92,0,100,21.17,0,92
2024-07-29,19.13,12.7,24.8,19.03,12.1,25.5,65.17,42,90,11.86,10.6,14.2,0.0,0.0,0.0,0.0,0.0,0.0,0.0,0.0,0.0,7.18,4.9,9.1,64.88,7,148,1023.4,1021.0,1025.2,970.87,968.7,972.4,0.62,0,8,0.29,0,3,0.0,0,0,0.33,0,8
2024-07-30,21.26,13.5,28.1,21.42,13.0,28.4,61.0,35,86,12.55,11.0,17.6,0.0,0.0,0.0,0.0,0.0,0.0,0.0,0.0,0.0,6.3,2.2,10.0,152.5,118,187,1018.47,1015.4,1021.3,966.54,963.7,968.4,23.04,0,100,0.0,0,0,1.04,0,14,22.17,0,100
